rank,name,postcode,address,rating,reviewCount,removedRange,removedMin,removedMax,removedEstimate,deletionRatioPct,realRatingAdjusted,removedText,url
1,Mevlana Restaurant,90443,"Gostenhofer Hauptstraße 18, 90443 Nürnberg",4.7,3495,über 250,250,,300,7.91,4.408,Über 250 Bewertungen aufgrund von Beschwerden wegen Diffamierung entfernt.,https://www.google.com/maps/place/Mevlana+Restaurant/data=!4m7!3m6!1s0x479f570081197793:0xc9603b4561c549d0!8m2!3d49.4472304!4d11.0649064!16s%2Fg%2F1tgyvpw6!19sChIJk3cZgQBXn0cR0EnFYUU7YMk?authuser=0&hl=de&rclk=1
2,Restaurant Oberkrainer am Hauptmarkt,90403,"Hauptmarkt 7, 90403 Nürnberg",4.6,3100,über 250,250,,300,8.82,4.282,Über 250 Bewertungen aufgrund von Beschwerden wegen Diffamierung entfernt.,https://www.google.com/maps/place/Restaurant+Oberkrainer+am+Hauptmarkt/data=!4m7!3m6!1s0x479f57af7bd60d63:0xa32e549d229e6c35!8m2!3d49.4535813!4d11.0765844!16s%2Fg%2F1tggmn0y!19sChIJYw3We69Xn0cRNWyeIp1ULqM?authuser=0&hl=de&rclk=1
3,Blu Bowl Bowling,90443,"Zeltnerstraße 19, 90443 Nürnberg",4.4,2644,über 250,250,,300,10.19,4.054,Über 250 Bewertungen aufgrund von Beschwerden wegen Diffamierung entfernt.,https://www.google.com/maps/place/Blu+Bowl+Bowling/data=!4m7!3m6!1s0x479f5707bb95be53:0x3e44326f24238db!8m2!3d49.4456774!4d11.0715223!16s%2Fg%2F1tgqhdvg!19sChIJU76VuwdXn0cR2zhC8iZD5AM?authuser=0&hl=de&rclk=1
4,PROVENZA Trattoria Italia Ristorante Pizzeria,90403,"Hauptmarkt 6-8, 90403 Nürnberg",4.6,1800,über 250,250,,300,14.29,4.086,Über 250 Bewertungen aufgrund von Beschwerden wegen Diffamierung entfernt.,https://www.google.com/maps/place/PROVENZA+Trattoria+Italia+Ristorante+Pizzeria/data=!4m7!3m6!1s0x479f57af7dababc7:0xc178cc4fb7cf76ff!8m2!3d49.4534668!4d11.0771551!16s%2Fg%2F1tcxhry_!19sChIJx6urfa9Xn0cR_3bPt0_MeME?authuser=0&hl=de&rclk=1
5,Urfa Dürüm Döner Nürnberg,90402,"Ludwigstraße 81, 90402 Nürnberg",4.6,1298,über 250,250,,300,18.77,3.924,Über 250 Bewertungen aufgrund von Beschwerden wegen Diffamierung entfernt.,https://www.google.com/maps/place/Urfa+D%C3%BCr%C3%BCm+D%C3%B6ner+N%C3%BCrnberg/data=!4m7!3m6!1s0x479f57aa17fc5a51:0x63434a3264761043!8m2!3d49.4484929!4d11.067411!16s%2Fg%2F11b7lc9wdc!19sChIJUVr8F6pXn0cRQxB2ZDJKQ2M?authuser=0&hl=de&rclk=1
6,Konditorei Cafe Beer,90402,"Breite G. 79, 90402 Nürnberg",4.6,1742,201–250,201,250,225.5,11.46,4.187,201 bis 250 Bewertungen aufgrund von Beschwerden wegen Diffamierung entfernt.,https://www.google.com/maps/place/Konditorei+Cafe+Beer/data=!4m7!3m6!1s0x479f57a91df2fecd:0xed1fc6c31a6ae841!8m2!3d49.450152!4d11.07243!16s%2Fg%2F1tfq86p2!19sChIJzf7yHalXn0cRQehqGsPGH-0?authuser=0&hl=de&rclk=1
7,Original Berliner Döner,90478,"Dürrenhofstraße 49, 90478 Nürnberg",4.8,1684,201–250,201,250,225.5,11.81,4.351,201 bis 250 Bewertungen aufgrund von Beschwerden wegen Diffamierung entfernt.,https://www.google.com/maps/place/Original+Berliner+D%C3%B6ner/data=!4m7!3m6!1s0x479f579814498cfd:0x1f8b466847fee3ba!8m2!3d49.4452625!4d11.0977342!16s%2Fg%2F11s7wjx6y3!19sChIJ_YxJFJhXn0cRuuP-R2hGix8?authuser=0&hl=de&rclk=1
8,Maestro,90402,"Königstraße 53, 90402 Nürnberg",4.4,1170,151–200,151,200,175.5,13.04,3.957,151 bis 200 Bewertungen aufgrund von Beschwerden wegen Diffamierung entfernt.,https://www.google.com/maps/place/Maestro/data=!4m7!3m6!1s0x479f57a6f05417b9:0x4f15b38673c25e1d!8m2!3d49.4493101!4d11.0796576!16s%2Fg%2F11b_033pvn!19sChIJuRdU8KZXn0cRHV7Cc4azFU8?authuser=0&hl=de&rclk=1
9,Hotel Daucher sleep hotels Nürnberg,90475,"Habsburgerstraße 9, 90475 Nürnberg",4.3,370,151–200,151,200,175.5,32.17,3.238,151 bis 200 Bewertungen aufgrund von Beschwerden wegen Diffamierung entfernt.,https://www.google.com/maps/place/Hotel+Daucher+sleep+hotels+N%C3%BCrnberg/data=!4m10!3m9!1s0x479f596fcfbf995d:0x1f4b87cdefaa091b!5m2!4m1!1i2!8m2!3d49.4083568!4d11.1691161!16s%2Fg%2F1tfcxt69!19sChIJXZm_z29Zn0cRGwmq782HSx8?authuser=0&hl=de&rclk=1
10,dasPaul Restaurant & Hotel,90403,"Kaiserstraße 22, 90403 Nürnberg",4.3,2769,101–150,101,150,125.5,4.34,4.157,101 bis 150 Bewertungen aufgrund von Beschwerden wegen Diffamierung entfernt.,https://www.google.com/maps/place/dasPaul+Restaurant+%26+Hotel/data=!4m7!3m6!1s0x479f57af468356ed:0xf8bf7e4ef84efda1!8m2!3d49.4524476!4d11.0754605!16s%2Fg%2F11cm_gzn70!19sChIJ7VaDRq9Xn0cRof1O-E5-v_g?authuser=0&hl=de&rclk=1
11,KOKORO NÜRNBERG (AM NEUEN MUSEUM),90402,"Postanschrift:, Klarissenplatz 1 A, Am Neuen Museum, Luitpoldstraße 3, 90402 Nürnberg",4.7,2327,101–150,101,150,125.5,5.12,4.511,101 bis 150 Bewertungen aufgrund von Beschwerden wegen Diffamierung entfernt.,https://www.google.com/maps/place/KOKORO+N%C3%9CRNBERG+%28AM+NEUEN+MUSEUM%29/data=!4m7!3m6!1s0x479f57a73d324125:0x1f2e1ea9639295f9!8m2!3d49.4478617!4d11.0802849!16s%2Fg%2F11b6_gt5j2!19sChIJJUEyPadXn0cR-ZWSY6keLh8?authuser=0&hl=de&rclk=1
12,Tucher Mautkeller Nürnberg,90402,"Hallpl. 2, 90402 Nürnberg",4.5,1746,101–150,101,150,125.5,6.71,4.265,101 bis 150 Bewertungen aufgrund von Beschwerden wegen Diffamierung entfernt.,https://www.google.com/maps/place/Tucher+Mautkeller+N%C3%BCrnberg/data=!4m7!3m6!1s0x479f57ab88a06213:0xc9b8d8aa39691918!8m2!3d49.4494178!4d11.0790935!16s%2Fg%2F11r_v26rfl!19sChIJE2KgiKtXn0cRGBlpOarYuMk?authuser=0&hl=de&rclk=1
13,CôCô – Indochine Sushi Nürnberg,90403,"Augustinerstraße 1, 90403 Nürnberg",4.8,1645,101–150,101,150,125.5,7.09,4.531,101 bis 150 Bewertungen aufgrund von Beschwerden wegen Diffamierung entfernt.,https://www.google.com/maps/place/C%C3%B4C%C3%B4+%E2%80%93+Indochine+Sushi+N%C3%BCrnberg/data=!4m7!3m6!1s0x479f57afa1de8e67:0xb69295a98e74b879!8m2!3d49.4541424!4d11.0755516!16s%2Fg%2F11c0r2x57p!19sChIJZ47eoa9Xn0cRebh0jqmVkrY?authuser=0&hl=de&rclk=1
14,Mam-Mam Burger,90403,"Innere Laufer G. 13, 90403 Nürnberg",4.7,1581,101–150,101,150,125.5,7.35,4.428,101 bis 150 Bewertungen aufgrund von Beschwerden wegen Diffamierung entfernt.,https://www.google.com/maps/place/Mam-Mam+Burger/data=!4m7!3m6!1s0x479f57bab7528031:0xbebae7ac62f9f736!8m2!3d49.4559159!4d11.0820127!16s%2Fg%2F11b6nyyd2k!19sChIJMYBSt7pXn0cRNvf5Yqznur4?authuser=0&hl=de&rclk=1
15,Kreuzberg Döner Restaurant,90478,"Stephanstraße 17, 90478 Nürnberg",4.9,1574,101–150,101,150,125.5,7.38,4.612,101 bis 150 Bewertungen aufgrund von Beschwerden wegen Diffamierung entfernt.,https://www.google.com/maps/place/Kreuzberg+D%C3%B6ner+Restaurant/data=!4m7!3m6!1s0x479f574515647959:0xc40fc0d4c82addad!8m2!3d49.4460561!4d11.0977602!16s%2Fg%2F11tsk0gt6q!19sChIJWXlkFUVXn0cRrd0qyNTAD8Q?authuser=0&hl=de&rclk=1
16,Espressolab,90409,"Schillerstraße 14, 90409 Nürnberg",4.5,1459,101–150,101,150,125.5,7.92,4.223,101 bis 150 Bewertungen aufgrund von Beschwerden wegen Diffamierung entfernt.,https://www.google.com/maps/place/Espressolab/data=!4m7!3m6!1s0x479f5761378dba33:0x81f7d22bf304e82a!8m2!3d49.4644362!4d11.0839984!16s%2Fg%2F11gnsnnm5w!19sChIJM7qNN2FXn0cRKugE8yvS94E?authuser=0&hl=de&rclk=1
17,Osteria Del Centro,90443,"Eilgutstraße 10, 90443 Nürnberg",4.7,1256,101–150,101,150,125.5,9.08,4.364,101 bis 150 Bewertungen aufgrund von Beschwerden wegen Diffamierung entfernt.,https://www.google.com/maps/place/Osteria+Del+Centro/data=!4m7!3m6!1s0x479f5709ce495c3f:0x5aafac65eb57c70f!8m2!3d49.4452778!4d11.0783333!16s%2Fg%2F1tdzq3hp!19sChIJP1xJzglXn0cRD8dX62Wsr1o?authuser=0&hl=de&rclk=1
18,VINERIA Nürnberg,90408,"Kleinreuther Weg 87, 90408 Nürnberg",4.8,1253,101–150,101,150,125.5,9.1,4.454,101 bis 150 Bewertungen aufgrund von Beschwerden wegen Diffamierung entfernt.,https://www.google.com/maps/place/VINERIA+N%C3%BCrnberg/data=!4m7!3m6!1s0x479f57cb2dc3c34f:0x97fa9c83d83b592a!8m2!3d49.4705233!4d11.0707154!16s%2Fg%2F1tctwk8x!19sChIJT8PDLctXn0cRKlk72IOc-pc?authuser=0&hl=de&rclk=1
19,Gasthaus Heidekrug Nürnberg Bowling,90480,"Waldluststraße 67, 90480 Nürnberg",4.7,1190,101–150,101,150,125.5,9.54,4.347,101 bis 150 Bewertungen aufgrund von Beschwerden wegen Diffamierung entfernt.,https://www.google.com/maps/place/Gasthaus+Heidekrug+N%C3%BCrnberg+Bowling/data=!4m7!3m6!1s0x479f59d3056a500b:0xd5f3cc4dc4580983!8m2!3d49.4399391!4d11.1216072!16s%2Fg%2F1tj5k43l!19sChIJC1BqBdNZn0cRgwlYxE3M89U?authuser=0&hl=de&rclk=1
20,Anjappar Chettinad Indian Restaurant,90402,"Königstraße 59, 90402 Nürnberg",4.6,1058,101–150,101,150,125.5,10.6,4.218,101 bis 150 Bewertungen aufgrund von Beschwerden wegen Diffamierung entfernt.,https://www.google.com/maps/place/Anjappar+Chettinad+Indian+Restaurant/data=!4m7!3m6!1s0x479f5793ccdb677b:0x2ba24b19a190b8bb!8m2!3d49.4490865!4d11.0799993!16s%2Fg%2F11y24kbkfk!19sChIJe2fbzJNXn0cRu7iQoRlLois?authuser=0&hl=de&rclk=1
21,ATU Nürnberg - Nordring,90408,"Nordring 15, 90408 Nürnberg",4,1031,101–150,101,150,125.5,10.85,3.674,101 bis 150 Bewertungen aufgrund von Beschwerden wegen Diffamierung entfernt.,https://www.google.com/maps/place/ATU+N%C3%BCrnberg+-+Nordring/data=!4m7!3m6!1s0x479f57cb29f78bbf:0xfdb32daefb52251a!8m2!3d49.469906!4d11.0705338!16s%2Fg%2F1w04j2k1!19sChIJv4v3KctXn0cRGiVS-64ts_0?authuser=0&hl=de&rclk=1
22,ATU Nürnberg - Langwasser,90469,"Zollhausstraße 26, 90469 Nürnberg",3.8,892,101–150,101,150,125.5,12.33,3.455,101 bis 150 Bewertungen aufgrund von Beschwerden wegen Diffamierung entfernt.,https://www.google.com/maps/place/ATU+N%C3%BCrnberg+-+Langwasser/data=!4m7!3m6!1s0x479f59f5fabac3bf:0xd6172999b1764358!8m2!3d49.40167!4d11.118486!16s%2Fg%2F1tdkwp3_!19sChIJv8O6-vVZn0cRWEN2sZkpF9Y?authuser=0&hl=de&rclk=1
23,HINZxKUNZ KneipenKlub,90402,"Marientorgraben 13, 90402 Nürnberg",4.6,719,101–150,101,150,125.5,14.86,4.065,101 bis 150 Bewertungen aufgrund von Beschwerden wegen Diffamierung entfernt.,https://www.google.com/maps/place/HINZxKUNZ+KneipenKlub/data=!4m7!3m6!1s0x479f57a15cee72e3:0xbbf540ec067aea00!8m2!3d49.4502087!4d11.0838188!16s%2Fg%2F11cl_y_btv!19sChIJ43LuXKFXn0cRAOp6BuxA9bs?authuser=0&hl=de&rclk=1
24,Bootshaus Nürnberg,90478,"Bayernstraße 136, 90478 Nürnberg",4.7,679,101–150,101,150,125.5,15.6,4.123,101 bis 150 Bewertungen aufgrund von Beschwerden wegen Diffamierung entfernt.,https://www.google.com/maps/place/Bootshaus+N%C3%BCrnberg/data=!4m7!3m6!1s0x479f59d0ebd40905:0xdff7e30b00e37e4e!8m2!3d49.4335136!4d11.1184892!16s%2Fg%2F1ttq12vt!19sChIJBQnU69BZn0cRTn7jAAvj998?authuser=0&hl=de&rclk=1
25,Palast Grill Haus,90419,"Johannisstraße 86, 90419 Nürnberg",4.7,658,101–150,101,150,125.5,16.02,4.107,101 bis 150 Bewertungen aufgrund von Beschwerden wegen Diffamierung entfernt.,https://www.google.com/maps/place/Palast+Grill+Haus/data=!4m7!3m6!1s0x479f564e5ca21c0f:0xf368021aac0dae19!8m2!3d49.4603048!4d11.0581835!16s%2Fg%2F1pp2xbpxh!19sChIJDxyiXE5Wn0cRGa4NrBoCaPM?authuser=0&hl=de&rclk=1
26,Restaurant Tiflis,90491,"Bismarckstraße 12, 90491 Nürnberg",4.7,643,101–150,101,150,125.5,16.33,4.096,101 bis 150 Bewertungen aufgrund von Beschwerden wegen Diffamierung entfernt.,https://www.google.com/maps/place/Restaurant+Tiflis/data=!4m7!3m6!1s0x479f56506c84f77d:0x36b27a29f51aef27!8m2!3d49.46323!4d11.10094!16s%2Fg%2F1tcw2lyx!19sChIJffeEbFBWn0cRJ-8a9Sl6sjY?authuser=0&hl=de&rclk=1
27,Spital Apotheke zum Heiligen Geist,90403,"Spitalgasse 2, 90403 Nürnberg",4.8,569,101–150,101,150,125.5,18.07,4.113,101 bis 150 Bewertungen aufgrund von Beschwerden wegen Diffamierung entfernt.,https://www.google.com/maps/place/Spital+Apotheke+zum+Heiligen+Geist/data=!4m7!3m6!1s0x479f57a5a283f249:0xa6017c4bc9c2110!8m2!3d49.45306!4d11.078228!16s%2Fg%2F1tj9sbds!19sChIJSfKDoqVXn0cRECGcvMQXYAo?authuser=0&hl=de&rclk=1
28,ZA-RA MARKT Süd GmbH,90459,"Wölckernstraße 29, 90459 Nürnberg",4.7,530,101–150,101,150,125.5,19.15,3.992,101 bis 150 Bewertungen aufgrund von Beschwerden wegen Diffamierung entfernt.,https://www.google.com/maps/place/ZA-RA+MARKT+S%C3%BCd+GmbH/data=!4m7!3m6!1s0x479f5774ad66d9c3:0xbe584a965d55e41d!8m2!3d49.4408423!4d11.0840122!16s%2Fg%2F11b6dfp0tt!19sChIJw9lmrXRXn0cRHeRVXZZKWL4?authuser=0&hl=de&rclk=1
29,Bao Street,90473,"Glogauer Str. 30-38, 90473 Nürnberg",4.6,481,101–150,101,150,125.5,20.69,3.855,101 bis 150 Bewertungen aufgrund von Beschwerden wegen Diffamierung entfernt.,https://www.google.com/maps/place/Bao+Street/data=!4m7!3m6!1s0x479f598923a705a5:0x2913a93b37cf6f3f!8m2!3d49.4030309!4d11.1354211!16s%2Fg%2F11c59nsg4h!19sChIJpQWnI4lZn0cRP2_PNzupEyk?authuser=0&hl=de&rclk=1
30,Kochlöffel,90402,"Breite G. 26, 90402 Nürnberg",4,448,101–150,101,150,125.5,21.88,3.344,101 bis 150 Bewertungen aufgrund von Beschwerden wegen Diffamierung entfernt.,https://www.google.com/maps/place/Kochl%C3%B6ffel/data=!4m7!3m6!1s0x479f57a62072091f:0xc7ab4d94fd68a8bd!8m2!3d49.450155!4d11.0758549!16s%2Fg%2F1xgrlyjb!19sChIJHwlyIKZXn0cRvaho_ZRNq8c?authuser=0&hl=de&rclk=1
31,REWE,90475,"Bregenzer Str. 15, 90475 Nürnberg",4.6,420,101–150,101,150,125.5,23.01,3.772,101 bis 150 Bewertungen aufgrund von Beschwerden wegen Diffamierung entfernt.,https://www.google.com/maps/place/REWE/data=!4m7!3m6!1s0x479f59605b7c4aa1:0x96abf8af3c515106!8m2!3d49.3977193!4d11.1752315!16s%2Fg%2F11cm0b613p!19sChIJoUp8W2BZn0cRBlFRPK_4q5Y?authuser=0&hl=de&rclk=1
32,Gasthof Bub,90513,"Fürther Str. 5, 90513 Zirndorf",4.5,379,101–150,101,150,125.5,24.88,3.629,101 bis 150 Bewertungen aufgrund von Beschwerden wegen Diffamierung entfernt.,https://www.google.com/maps/place/Gasthof+Bub/data=!4m10!3m9!1s0x479f545954dc8f85:0xc63532d641abcfe7!5m2!4m1!1i2!8m2!3d49.4421735!4d10.9574809!16s%2Fg%2F1vhq2pyy!19sChIJhY_cVFlUn0cR58-rQdYyNcY?authuser=0&hl=de&rclk=1
33,burgerme Nürnberg Nord,90419,"Bucher Str. 35, 90419 Nürnberg",4.3,288,101–150,101,150,125.5,30.35,3.298,101 bis 150 Bewertungen aufgrund von Beschwerden wegen Diffamierung entfernt.,https://www.google.com/maps/place/burgerme+N%C3%BCrnberg+Nord/data=!4m7!3m6!1s0x479f57a6fb1b25a9:0x47670e78b47d3a9e!8m2!3d49.4610061!4d11.0720757!16s%2Fg%2F11fkrxb794!19sChIJqSUb-6ZXn0cRnjp9tHgOZ0c?authuser=0&hl=de&rclk=1
34,Piknik Pide - Gemüsekebab,90408,"Friedrich-Ebert-Platz 6, 90408 Nürnberg",4.8,262,101–150,101,150,125.5,32.39,3.569,101 bis 150 Bewertungen aufgrund von Beschwerden wegen Diffamierung entfernt.,https://www.google.com/maps/place/Piknik+Pide+-+Gem%C3%BCsekebab/data=!4m7!3m6!1s0x479f57b470022d95:0x574e7f993efee8c3!8m2!3d49.4628276!4d11.0716048!16s%2Fg%2F11bw_5kp1q!19sChIJlS0CcLRXn0cRw-j-Ppl_Tlc?authuser=0&hl=de&rclk=1
35,"Merian Apotheke im Hauptbahnhof, Inh. Merian Tasdelen",90443,"Bahnhofspl. 9, 90443 Nürnberg",4.5,116,101–150,101,150,125.5,51.97,2.681,101 bis 150 Bewertungen aufgrund von Beschwerden wegen Diffamierung entfernt.,"https://www.google.com/maps/place/Merian+Apotheke+im+Hauptbahnhof,+Inh.+Merian+Tasdelen/data=!4m7!3m6!1s0x479f57a64de78f63:0xc19369b0db0bc2bc!8m2!3d49.4462261!4d11.0824426!16s%2Fg%2F11vj9grwys!19sChIJY4_nTaZXn0cRvMIL27Bpk8E?authuser=0&hl=de&rclk=1"
36,Kokono Nürnberg,90402,"Luitpoldstraße 7, 90402 Nürnberg",4.7,3019,51–100,51,100,75.5,2.44,4.61,51 bis 100 Bewertungen aufgrund von Beschwerden wegen Diffamierung entfernt.,https://www.google.com/maps/place/Kokono+N%C3%BCrnberg/data=!4m7!3m6!1s0x479f5765fdee9d3f:0x43c51efa203772c6!8m2!3d49.4480793!4d11.0795829!16s%2Fg%2F11h88d3zgj!19sChIJP53u_WVXn0cRxnI3IPoexUM?authuser=0&hl=de&rclk=1
37,Tapasitos restaurante y bar,90403,"Adlerstraße 22, 90403 Nürnberg",4.6,2368,51–100,51,100,75.5,3.09,4.489,51 bis 100 Bewertungen aufgrund von Beschwerden wegen Diffamierung entfernt.,https://www.google.com/maps/place/Tapasitos+restaurante+y+bar/data=!4m7!3m6!1s0x479f57af50d0c1e7:0x3ef61e5504706412!8m2!3d49.4519728!4d11.0759483!16s%2Fg%2F1tdkl6gv!19sChIJ58HQUK9Xn0cREmRwBFUe9j4?authuser=0&hl=de&rclk=1
38,60's SMASH BURGER,90402,"Vordere Sterngasse 21, 90402 Nürnberg",4.7,2266,51–100,51,100,75.5,3.22,4.581,51 bis 100 Bewertungen aufgrund von Beschwerden wegen Diffamierung entfernt.,https://www.google.com/maps/place/60%27s+SMASH+BURGER/data=!4m7!3m6!1s0x479f57b06224e14b:0x64f98ca5f012a6df!8m2!3d49.4474367!4d11.0782891!16s%2Fg%2F11lnk6qkhv!19sChIJS-EkYrBXn0cR36YS8KWM-WQ?authuser=0&hl=de&rclk=1
39,Taberu,90431,"Sigmundstraße 155, 90431 Nürnberg",4.7,1560,51–100,51,100,75.5,4.62,4.529,51 bis 100 Bewertungen aufgrund von Beschwerden wegen Diffamierung entfernt.,https://www.google.com/maps/place/Taberu/data=!4m7!3m6!1s0x479f57ad8c777dd9:0x720dd9af62fc8a3b!8m2!3d49.4459965!4d11.008982!16s%2Fg%2F11jr8bstjh!19sChIJ2X13jK1Xn0cRO4r8Yq_ZDXI?authuser=0&hl=de&rclk=1
40,Mam-Mam Burger,90402,"Vordere Sterngasse 26, 90402 Nürnberg",4.7,1383,51–100,51,100,75.5,5.18,4.508,51 bis 100 Bewertungen aufgrund von Beschwerden wegen Diffamierung entfernt.,https://www.google.com/maps/place/Mam-Mam+Burger/data=!4m7!3m6!1s0x479f57a7a1c11da5:0x2836dceab404b842!8m2!3d49.4474335!4d11.0779057!16s%2Fg%2F11c2nt2s_d!19sChIJpR3BoadXn0cRQrgEtOrcNig?authuser=0&hl=de&rclk=1
41,KRiSTALL DÖNER NÜRNBERG,90443,"Gibitzenhofstraße 43, 90443 Nürnberg",4.6,1331,51–100,51,100,75.5,5.37,4.407,51 bis 100 Bewertungen aufgrund von Beschwerden wegen Diffamierung entfernt.,https://www.google.com/maps/place/KRiSTALL+D%C3%96NER+N%C3%9CRNBERG/data=!4m7!3m6!1s0x479f5704f79a6227:0xe6de1503abc56a79!8m2!3d49.4393397!4d11.0673051!16s%2Fg%2F12qfnpr1c!19sChIJJ2Ka9wRXn0cReWrFqwMV3uY?authuser=0&hl=de&rclk=1
42,akropolis • hotel • restaurant,90449,"Herriedener Str. 38, 90449 Nürnberg",4.6,1081,51–100,51,100,75.5,6.53,4.365,51 bis 100 Bewertungen aufgrund von Beschwerden wegen Diffamierung entfernt.,https://www.google.com/maps/place/akropolis+%E2%80%A2+hotel+%E2%80%A2+restaurant/data=!4m10!3m9!1s0x479f56c8028963bb:0x53acb480a74a5167!5m2!4m1!1i2!8m2!3d49.42!4d11.0236111!16s%2Fg%2F1tf7lkf4!19sChIJu2OJAshWn0cRZ1FKp4C0rFM?authuser=0&hl=de&rclk=1
43,Thai Food 2 Brettergarten,90427,"Brettergartenstraße 97, 90427 Nürnberg",4.6,1071,51–100,51,100,75.5,6.59,4.363,51 bis 100 Bewertungen aufgrund von Beschwerden wegen Diffamierung entfernt.,https://www.google.com/maps/place/Thai+Food+2+Brettergarten/data=!4m7!3m6!1s0x410c9f65d8565bf1:0xf6ac6e2ef3ba3dea!8m2!3d49.4717077!4d11.0218483!16s%2Fg%2F1tfxx04p!19sChIJ8VtW2GWfDEER6j268y5urPY?authuser=0&hl=de&rclk=1
44,CôCô taste of Asia Sushi Nürnberg,90402,"Schlotfegergasse 2, 90402 Nürnberg",4.8,1063,51–100,51,100,75.5,6.63,4.548,51 bis 100 Bewertungen aufgrund von Beschwerden wegen Diffamierung entfernt.,https://www.google.com/maps/place/C%C3%B4C%C3%B4+taste+of+Asia+Sushi+N%C3%BCrnberg/data=!4m7!3m6!1s0x479f57abe1afa5a7:0xf87bcbdf62527dbf!8m2!3d49.4510596!4d11.0692968!16s%2Fg%2F11b87w913h!19sChIJp6Wv4atXn0cRv31SYt_Le_g?authuser=0&hl=de&rclk=1
45,Lamore da Massimo - italienisches Restaurant in Nürnberg,90402,"Jakobspl. 11, 90402 Nürnberg",4.8,1011,51–100,51,100,75.5,6.95,4.536,51 bis 100 Bewertungen aufgrund von Beschwerden wegen Diffamierung entfernt.,https://www.google.com/maps/place/Lamore+da+Massimo+-+italienisches+Restaurant+in+N%C3%BCrnberg/data=!4m7!3m6!1s0x47a2012a884b854d:0x63b30ab500a2a8a6!8m2!3d49.4496472!4d11.0705412!16s%2Fg%2F11g2nbl20b!19sChIJTYVLiCoBokcRpqiiALUKs2M?authuser=0&hl=de&rclk=1
46,Grillmeister,90489,"Sulzbacher Str. 91, 90489 Nürnberg",4.8,944,51–100,51,100,75.5,7.41,4.519,51 bis 100 Bewertungen aufgrund von Beschwerden wegen Diffamierung entfernt.,https://www.google.com/maps/place/Grillmeister/data=!4m7!3m6!1s0x479f577ed7050a1d:0xc95ed3d5f04ffa7!8m2!3d49.4597019!4d11.1002423!16s%2Fg%2F11gldk4j6q!19sChIJHQoF135Xn0cRp_8EXz3tlQw?authuser=0&hl=de&rclk=1
47,Maguro Running Sushi,90765,"Hans-Vogel-Straße 59, 90765 Fürth",4.7,896,51–100,51,100,75.5,7.77,4.412,51 bis 100 Bewertungen aufgrund von Beschwerden wegen Diffamierung entfernt.,https://www.google.com/maps/place/Maguro+Running+Sushi/data=!4m7!3m6!1s0x479f55e26cf56c7d:0x204c53cf391691cf!8m2!3d49.4807313!4d11.0091376!16s%2Fg%2F11f9vx2ptd!19sChIJfWz1bOJVn0cRz5EWOc9TTCA?authuser=0&hl=de&rclk=1
48,MAHARAJA PALACE,90478,"Regensburger Str. 41, 90478 Nürnberg",4.5,776,51–100,51,100,75.5,8.87,4.19,51 bis 100 Bewertungen aufgrund von Beschwerden wegen Diffamierung entfernt.,https://www.google.com/maps/place/MAHARAJA+PALACE/data=!4m7!3m6!1s0x479f579d9b724baf:0xf8ab04b932bd21ae!8m2!3d49.445046!4d11.097283!16s%2Fg%2F1tmxdkbk!19sChIJr0tym51Xn0cRriG9MrkEq_g?authuser=0&hl=de&rclk=1
49,Espressolab,90402,"Lorenzer Pl. 3, 90402 Nürnberg",4.5,717,51–100,51,100,75.5,9.53,4.167,51 bis 100 Bewertungen aufgrund von Beschwerden wegen Diffamierung entfernt.,https://www.google.com/maps/place/Espressolab/data=!4m7!3m6!1s0x479f57dec70cfeff:0xaa68dfa8d6a41606!8m2!3d49.4513259!4d11.0786157!16s%2Fg%2F11k7s5syqf!19sChIJ__4Mx95Xn0cRBhak1qjfaKo?authuser=0&hl=de&rclk=1
50,Thai Food 2 Bärenschanze,90429,"Bärenschanzstraße 25, 90429 Nürnberg",4.5,707,51–100,51,100,75.5,9.65,4.162,51 bis 100 Bewertungen aufgrund von Beschwerden wegen Diffamierung entfernt.,https://www.google.com/maps/place/Thai+Food+2+B%C3%A4renschanze/data=!4m7!3m6!1s0x479f5654f91e6ad5:0x292ce1882f9193de!8m2!3d49.4508867!4d11.0595162!16s%2Fg%2F1v93_1h0!19sChIJ1Woe-VRWn0cR3pORL4jhLCk?authuser=0&hl=de&rclk=1
51,Ristorante Pizzeria Valentini,90480,"Kachletstraße 2, 90480 Nürnberg",4.8,664,51–100,51,100,75.5,10.21,4.412,51 bis 100 Bewertungen aufgrund von Beschwerden wegen Diffamierung entfernt.,https://www.google.com/maps/place/Ristorante+Pizzeria+Valentini/data=!4m7!3m6!1s0x410c9effd9defff7:0x1fb86f77e4088983!8m2!3d49.4434277!4d11.1247674!16s%2Fg%2F1tj3k1pb!19sChIJ9__e2f-eDEERg4kI5HdvuB8?authuser=0&hl=de&rclk=1
52,Hotel Nürnberger Hof Altdorf,90518,"Unterer Markt 6, 90518 Altdorf bei Nürnberg",4.6,630,51–100,51,100,75.5,10.7,4.215,51 bis 100 Bewertungen aufgrund von Beschwerden wegen Diffamierung entfernt.,https://www.google.com/maps/place/Hotel+N%C3%BCrnberger+Hof+Altdorf/data=!4m10!3m9!1s0x479f60d73d4d17fd:0x6601c6872a3f58bd!5m2!4m1!1i2!8m2!3d49.3857371!4d11.3571187!16s%2Fg%2F1tx460mz!19sChIJ_RdNPddgn0cRvVg_KofGAWY?authuser=0&hl=de&rclk=1
53,Diva Döner,90475,"Fischbacher Hauptstraße 173, 90475 Nürnberg",4.8,579,51–100,51,100,75.5,11.54,4.362,51 bis 100 Bewertungen aufgrund von Beschwerden wegen Diffamierung entfernt.,https://www.google.com/maps/place/Diva+D%C3%B6ner/data=!4m7!3m6!1s0x479f59d87567e495:0x575e04230b7c5fb4!8m2!3d49.4202236!4d11.1911873!16s%2Fg%2F11bzrl54n3!19sChIJleRnddhZn0cRtF98CyMEXlc?authuser=0&hl=de&rclk=1
54,Super Smash Burger,90409,"Löbleinstraße 50, 90409 Nürnberg",4.8,575,51–100,51,100,75.5,11.61,4.359,51 bis 100 Bewertungen aufgrund von Beschwerden wegen Diffamierung entfernt.,https://www.google.com/maps/place/Super+Smash+Burger/data=!4m7!3m6!1s0x479f57b8ba0998bd:0x7c227c419f965fa1!8m2!3d49.4648925!4d11.0877008!16s%2Fg%2F1ptwpp2rk!19sChIJvZgJurhXn0cRoV-Wn0F8Inw?authuser=0&hl=de&rclk=1
55,Deins & Meins,90429,"Deutschherrnstraße 27, 90429 Nürnberg",4.8,556,51–100,51,100,75.5,11.96,4.346,51 bis 100 Bewertungen aufgrund von Beschwerden wegen Diffamierung entfernt.,https://www.google.com/maps/place/Deins+%26+Meins/data=!4m7!3m6!1s0x479f56533fc03995:0xf423ad3c32769afd!8m2!3d49.4541612!4d11.0623032!16s%2Fg%2F1q5bnd1xf!19sChIJlTnAP1NWn0cR_Zp2MjytI_Q?authuser=0&hl=de&rclk=1
56,REWE,90475,"Fischbacher Hauptstraße 200, 90475 Nürnberg",4.3,467,51–100,51,100,75.5,13.92,3.841,51 bis 100 Bewertungen aufgrund von Beschwerden wegen Diffamierung entfernt.,https://www.google.com/maps/place/REWE/data=!4m7!3m6!1s0x479f59397a1f5043:0x4ce32471fa52deac!8m2!3d49.4184284!4d11.194731!16s%2Fg%2F11b7tt2qlz!19sChIJQ1AfejlZn0cRrN5S-nEk40w?authuser=0&hl=de&rclk=1
57,Bat Dat - Asia Snacks,90402,"Färberstraße 2, 90402 Nürnberg",4.7,378,51–100,51,100,75.5,16.65,4.084,51 bis 100 Bewertungen aufgrund von Beschwerden wegen Diffamierung entfernt.,https://www.google.com/maps/place/Bat+Dat+-+Asia+Snacks/data=!4m7!3m6!1s0x479f57a8d6908fed:0x59379f88d2752926!8m2!3d49.4513862!4d11.0732724!16s%2Fg%2F11c5_vs1l0!19sChIJ7Y-Q1qhXn0cRJil10oifN1k?authuser=0&hl=de&rclk=1
58,GATE Club - Dachterrasse,90411,"Flughafenstraße 100/Terminal 2. OG, 90411 Nürnberg",4.7,370,51–100,51,100,75.5,16.95,4.073,51 bis 100 Bewertungen aufgrund von Beschwerden wegen Diffamierung entfernt.,https://www.google.com/maps/place/GATE+Club+-+Dachterrasse/data=!4m7!3m6!1s0x47a1fd9175e7416b:0x193e41f39b589880!8m2!3d49.4941722!4d11.0796962!16s%2Fg%2F11vrpdstlv!19sChIJa0HndZH9oUcRgJhYm_NBPhk?authuser=0&hl=de&rclk=1
59,24 Seven Hotel Nürnberg,90449,"Am Birnbaum 36, 90449 Nürnberg",4,355,51–100,51,100,75.5,17.54,3.474,51 bis 100 Bewertungen aufgrund von Beschwerden wegen Diffamierung entfernt.,https://www.google.com/maps/place/24+Seven+Hotel+N%C3%BCrnberg/data=!4m10!3m9!1s0x479f56bb28411047:0x763257542420ec6d!5m2!4m1!1i2!8m2!3d49.4241388!4d11.0117385!16s%2Fg%2F11c1vmq0b1!19sChIJRxBBKLtWn0cRbewgJFRXMnY?authuser=0&hl=de&rclk=1
60,Luna Cut,90459,"Kopernikuspl. 3, 90459 Nürnberg",4.8,347,51–100,51,100,75.5,17.87,4.121,51 bis 100 Bewertungen aufgrund von Beschwerden wegen Diffamierung entfernt.,https://www.google.com/maps/place/Luna+Cut/data=!4m7!3m6!1s0x479f570c6eec8327:0xd83fdd033609cdb3!8m2!3d49.4399608!4d11.080817!16s%2Fg%2F1ptyvrh6t!19sChIJJ4PsbgxXn0cRs80JNgPdP9g?authuser=0&hl=de&rclk=1
61,Smack Burger,90402,"Breite G. 94, 90402 Nürnberg",4.6,314,51–100,51,100,75.5,19.38,3.902,51 bis 100 Bewertungen aufgrund von Beschwerden wegen Diffamierung entfernt.,https://www.google.com/maps/place/Smack+Burger/data=!4m7!3m6!1s0x479f5700519d80bd:0xf40296221ff18240!8m2!3d49.4504868!4d11.0714912!16s%2Fg%2F11wws7btx2!19sChIJvYCdUQBXn0cRQILxHyKWAvQ?authuser=0&hl=de&rclk=1
62,Schnitzery Nürnberg,90402,"Breite G. 67, 90402 Nürnberg",4.5,273,51–100,51,100,75.5,21.66,3.742,51 bis 100 Bewertungen aufgrund von Beschwerden wegen Diffamierung entfernt.,"https://www.google.com/maps/place/Schnitzery+N%C3%BCrnberg/@49.449978,11.0735199,17z/data=!3m1!4b1!4m6!3m5!1s0x479f5793537290f3:0x369418ec26602e09!8m2!3d49.449978!4d11.0735199!16s%2Fg%2F11lyrycx33?entry=ttu&g_ep=EgoyMDI2MDUxMC4wIKXMDSoASAFQAw%3D%3D&hl=de"
63,H&B Döner,90402,"Breite G. 38, 90402 Nürnberg",4.7,272,51–100,51,100,75.5,21.73,3.896,51 bis 100 Bewertungen aufgrund von Beschwerden wegen Diffamierung entfernt.,"https://www.google.com/maps/place/H%26B+D%C3%B6ner/@49.4502254,11.07521,17z/data=!3m1!4b1!4m6!3m5!1s0x479f5794e7421d01:0x4d3914b35075ab4f!8m2!3d49.4502254!4d11.07521!16s%2Fg%2F11yfz0mjzl?entry=ttu&g_ep=EgoyMDI2MDUxMC4wIKXMDSoASAFQAw%3D%3D&hl=de"
64,Hotel Centro Fürth,90762,"Mathildenstraße 26, 90762 Fürth",3.3,184,51–100,51,100,75.5,29.09,2.631,51 bis 100 Bewertungen aufgrund von Beschwerden wegen Diffamierung entfernt.,https://www.google.com/maps/place/Hotel+Centro+F%C3%BCrth/data=!4m10!3m9!1s0x479f55be10f02825:0x978775df4dccd58e!5m2!4m1!1i2!8m2!3d49.4750197!4d10.9850577!16s%2Fg%2F1vvyx1zn!19sChIJJSjwEL5Vn0cRjtXMTd91h5c?authuser=0&hl=de&rclk=1
65,24Seven Hotel Schwabach,91126,"Flurstraße 105, 91126 Schwabach",4.2,173,51–100,51,100,75.5,30.38,3.228,51 bis 100 Bewertungen aufgrund von Beschwerden wegen Diffamierung entfernt.,https://www.google.com/maps/place/24Seven+Hotel+Schwabach/data=!4m10!3m9!1s0x479f511a8f497635:0x33fd70c0f3eb438f!5m2!4m1!1i2!8m2!3d49.3325311!4d11.0444968!16s%2Fg%2F11nsb1d9z3!19sChIJNXZJjxpRn0cRj0Pr88Bw_TM?authuser=0&hl=de&rclk=1
66,Pizza del Porto,90451,"Donaustraße 105, 90451 Nürnberg",4.4,138,51–100,51,100,75.5,35.36,3.198,51 bis 100 Bewertungen aufgrund von Beschwerden wegen Diffamierung entfernt.,https://www.google.com/maps/place/Pizza+del+Porto/data=!4m7!3m6!1s0x479f57abaabea759:0x7bfc15e85cd3a7b4!8m2!3d49.4112204!4d11.0570922!16s%2Fg%2F11qmmhl93_!19sChIJWae-qqtXn0cRtKfTXOgV_Hs?authuser=0&hl=de&rclk=1
67,Toshka,90459,"Wölckernstraße 49, 90459 Nürnberg",4.9,3097,21–50,21,50,35.5,1.13,4.856,21 bis 50 Bewertungen aufgrund von Beschwerden wegen Diffamierung entfernt.,https://www.google.com/maps/place/Toshka/data=!4m7!3m6!1s0x479f577b7a997d97:0xc1a66358a24a11ca!8m2!3d49.4411124!4d11.0860282!16s%2Fg%2F11fslr58v5!19sChIJl32ZentXn0cRyhFKolhjpsE?authuser=0&hl=de&rclk=1
68,FIVE Diner I Obstmarkt 5,90403,"Obstmarkt 5, 90403 Nürnberg",4.7,2826,21–50,21,50,35.5,1.24,4.654,21 bis 50 Bewertungen aufgrund von Beschwerden wegen Diffamierung entfernt.,https://www.google.com/maps/place/FIVE+Diner+I+Obstmarkt+5/data=!4m7!3m6!1s0x479f57a565d34a27:0xcfcd23668afac219!8m2!3d49.45477!4d11.078287!16s%2Fg%2F11bvt3w5__!19sChIJJ0rTZaVXn0cRGcL6imYjzc8?authuser=0&hl=de&rclk=1
69,Du & Ich Italienisches Restaurant,90402,"Königstraße 17A, 90402 Nürnberg",4.8,2360,21–50,21,50,35.5,1.48,4.744,21 bis 50 Bewertungen aufgrund von Beschwerden wegen Diffamierung entfernt.,https://www.google.com/maps/place/Du+%26+Ich+Italienisches+Restaurant/data=!4m7!3m6!1s0x479f5799352fd5f5:0xf30e103685ba11e!8m2!3d49.4513747!4d11.0783709!16s%2Fg%2F11wnfbcfgq!19sChIJ9dUvNZlXn0cRHqFbaAPhMA8?authuser=0&hl=de&rclk=1
70,Restaurant Levantine Nürnberg,90402,"Schottengasse 1, 90402 Nürnberg",4.9,2316,21–50,21,50,35.5,1.51,4.841,21 bis 50 Bewertungen aufgrund von Beschwerden wegen Diffamierung entfernt.,https://www.google.com/maps/place/Restaurant+Levantine+N%C3%BCrnberg/data=!4m7!3m6!1s0x479f57b270c4cd99:0xbe43c9ab54a9b958!8m2!3d49.4483419!4d11.07066!16s%2Fg%2F11pd2slsbw!19sChIJmc3EcLJXn0cRWLmpVKvJQ74?authuser=0&hl=de&rclk=1
71,Pizz & Via,90402,"Königstraße 36, 90402 Nürnberg",3.7,1720,21–50,21,50,35.5,2.02,3.645,21 bis 50 Bewertungen aufgrund von Beschwerden wegen Diffamierung entfernt.,https://www.google.com/maps/place/Pizz+%26+Via/data=!4m7!3m6!1s0x479f57a66edcd07b:0xe389ec8da9d793cf!8m2!3d49.4503715!4d11.0782646!16s%2Fg%2F11bxdx370n!19sChIJe9DcbqZXn0cRz5PXqY3sieM?authuser=0&hl=de&rclk=1
72,Casa Argentina,90403,"Bergstraße 1, 90403 Nürnberg",4.9,1707,21–50,21,50,35.5,2.04,4.821,21 bis 50 Bewertungen aufgrund von Beschwerden wegen Diffamierung entfernt.,https://www.google.com/maps/place/Casa+Argentina/data=!4m7!3m6!1s0x479f57a4aaf42ff7:0x88dc8548f85823db!8m2!3d49.4564128!4d11.0754732!16s%2Fg%2F11bxg1yq6v!19sChIJ9y_0qqRXn0cR2yNY-EiF3Ig?authuser=0&hl=de&rclk=1
73,Nürnberger Döner,90403,"Innerer Laufer Pl. 12, 90403 Nürnberg",4.9,1214,21–50,21,50,35.5,2.84,4.789,21 bis 50 Bewertungen aufgrund von Beschwerden wegen Diffamierung entfernt.,https://www.google.com/maps/place/N%C3%BCrnberger+D%C3%B6ner/data=!4m7!3m6!1s0x479f5770efd5f209:0xf9161ab1e9666eec!8m2!3d49.4561911!4d11.084519!16s%2Fg%2F11sttwpxlf!19sChIJCfLV73BXn0cR7G5m6bEaFvk?authuser=0&hl=de&rclk=1
74,Sumach Restaurant,90429,"Spittlertorgraben 13, 90429 Nürnberg",4.7,1167,21–50,21,50,35.5,2.95,4.591,21 bis 50 Bewertungen aufgrund von Beschwerden wegen Diffamierung entfernt.,https://www.google.com/maps/place/Sumach+Restaurant/data=!4m7!3m6!1s0x479f57aafdd95c77:0xfe36ce11e9d19f66!8m2!3d49.4499836!4d11.0653641!16s%2Fg%2F11bwh5sb6c!19sChIJd1zZ_apXn0cRZp_R6RHONv4?authuser=0&hl=de&rclk=1
75,Hayman's Döner super frisch & lecker,90439,"Rothenburger Str. 140, 90439 Nürnberg",4.7,959,21–50,21,50,35.5,3.57,4.568,21 bis 50 Bewertungen aufgrund von Beschwerden wegen Diffamierung entfernt.,https://www.google.com/maps/place/Hayman%27s+D%C3%B6ner+super+frisch+%26+lecker/data=!4m7!3m6!1s0x479f5708a6302a59:0x2802f0a6364821a2!8m2!3d49.4425483!4d11.0509719!16s%2Fg%2F11gm9gpz91!19sChIJWSowpghXn0cRoiFINqbwAig?authuser=0&hl=de&rclk=1
76,Taqueria & Cantina La Lucha,90489,"Adamstraße 39, 90489 Nürnberg",4.7,954,21–50,21,50,35.5,3.59,4.567,21 bis 50 Bewertungen aufgrund von Beschwerden wegen Diffamierung entfernt.,https://www.google.com/maps/place/Taqueria+%26+Cantina+La+Lucha/data=!4m7!3m6!1s0x479f5794f6602415:0xd76b059408a569e9!8m2!3d49.4622944!4d11.0988661!16s%2Fg%2F1tdwtpb2!19sChIJFSRg9pRXn0cR6WmlCJQFa9c?authuser=0&hl=de&rclk=1
77,Seoul Kitchen,90409,"Pirckheimerstraße 75, 90409 Nürnberg",4.5,878,21–50,21,50,35.5,3.89,4.364,21 bis 50 Bewertungen aufgrund von Beschwerden wegen Diffamierung entfernt.,https://www.google.com/maps/place/Seoul+Kitchen/data=!4m7!3m6!1s0x479f57b97dbcc21d:0x3645bf1d4f8f523b!8m2!3d49.4610887!4d11.0842628!16s%2Fg%2F1thsdxx5!19sChIJHcK8fblXn0cRO1KPTx2_RTY?authuser=0&hl=de&rclk=1
78,Safran Restaurant Nürnberg - Persische Spezialitäten,90461,"Allersberger Str. 47, 90461 Nürnberg",4.7,808,21–50,21,50,35.5,4.21,4.544,21 bis 50 Bewertungen aufgrund von Beschwerden wegen Diffamierung entfernt.,https://www.google.com/maps/place/Safran+Restaurant+N%C3%BCrnberg+-+Persische+Spezialit%C3%A4ten/data=!4m7!3m6!1s0x479f57751cfab377:0x69e79dcb99372865!8m2!3d49.4427696!4d11.088843!16s%2Fg%2F11b7q555pj!19sChIJd7P6HHVXn0cRZSg3mcud52k?authuser=0&hl=de&rclk=1
79,Skybar - Rooftop Bar & Events,90402,"Königstraße 11, 90402 Nürnberg",4.6,799,21–50,21,50,35.5,4.25,4.447,21 bis 50 Bewertungen aufgrund von Beschwerden wegen Diffamierung entfernt.,https://www.google.com/maps/place/Skybar+-+Rooftop+Bar+%26+Events/data=!4m7!3m6!1s0x479f57b7b8d6b1b1:0x4228d92ec907fba2!8m2!3d49.451643!4d11.0781292!16s%2Fg%2F1hc1k171d!19sChIJsbHWuLdXn0cRovsHyS7ZKEI?authuser=0&hl=de&rclk=1
80,Balkan Spezialitäten,90443,"Gostenhofer Hauptstraße 37, 90443 Nürnberg",4.7,796,21–50,21,50,35.5,4.27,4.542,21 bis 50 Bewertungen aufgrund von Beschwerden wegen Diffamierung entfernt.,https://www.google.com/maps/place/Balkan+Spezialit%C3%A4ten/data=!4m7!3m6!1s0x479f570089dbcc25:0xa40f278882fe7b3e!8m2!3d49.4465846!4d11.0644796!16s%2Fg%2F11f33vgj45!19sChIJJczbiQBXn0cRPnv-gognD6Q?authuser=0&hl=de&rclk=1
81,"MULLIGAN'S - Irish Pub, Bar und Grill",90402,"Königstraße 71, 90402 Nürnberg",4.8,790,21–50,21,50,35.5,4.3,4.637,21 bis 50 Bewertungen aufgrund von Beschwerden wegen Diffamierung entfernt.,"https://www.google.com/maps/place/MULLIGAN%27S+-+Irish+Pub,+Bar+und+Grill/data=!4m7!3m6!1s0x479f57a73b816f83:0x836ec298b0838e3b!8m2!3d49.4486187!4d11.0805091!16s%2Fg%2F11pw1sdm4f!19sChIJg2-BO6dXn0cRO46DsJjCboM?authuser=0&hl=de&rclk=1"
82,Tik Tak,90431,"Leyher Str. 4, 90431 Nürnberg",4.9,788,21–50,21,50,35.5,4.31,4.732,21 bis 50 Bewertungen aufgrund von Beschwerden wegen Diffamierung entfernt.,https://www.google.com/maps/place/Tik+Tak/data=!4m7!3m6!1s0x479f5764ab8c5a81:0xea5d51e4d1d15c3c!8m2!3d49.4492388!4d11.0348376!16s%2Fg%2F11rt_5m67c!19sChIJgVqMq2RXn0cRPFzR0eRRXeo?authuser=0&hl=de&rclk=1
83,Zum Posthorn,90429,"Pestalozzistraße 1, 90429 Nürnberg",4.6,721,21–50,21,50,35.5,4.69,4.431,21 bis 50 Bewertungen aufgrund von Beschwerden wegen Diffamierung entfernt.,https://www.google.com/maps/place/Zum+Posthorn/data=!4m7!3m6!1s0x479f565d88bcd667:0x4b6a8fafa6c4113a!8m2!3d49.457003!4d11.03827!16s%2Fg%2F1vd74xlf!19sChIJZ9a8iF1Wn0cROhHEpq-Paks?authuser=0&hl=de&rclk=1
84,Karakaya Dürüm Döner,90489,"Sulzbacher Str. 84, 90489 Nürnberg",4.7,701,21–50,21,50,35.5,4.82,4.522,21 bis 50 Bewertungen aufgrund von Beschwerden wegen Diffamierung entfernt.,https://www.google.com/maps/place/Karakaya+D%C3%BCr%C3%BCm+D%C3%B6ner/data=!4m7!3m6!1s0x479f5796aad2f591:0xa912c0632f901144!8m2!3d49.4593407!4d11.0998912!16s%2Fg%2F11gbfd5rbt!19sChIJkfXSqpZXn0cRRBGQL2PAEqk?authuser=0&hl=de&rclk=1
85,Gasthof Zur Zeitenwende,90451,"Zeitenwendepl. 4, 90451 Nürnberg",4.5,660,21–50,21,50,35.5,5.1,4.321,21 bis 50 Bewertungen aufgrund von Beschwerden wegen Diffamierung entfernt.,https://www.google.com/maps/place/Gasthof+Zur+Zeitenwende/data=!4m7!3m6!1s0x479f512ea2448df5:0xef9004157e050fdc!8m2!3d49.40352!4d11.03556!16s%2Fg%2F11b75rgkh_!19sChIJ9Y1Eoi5Rn0cR3A8FfhUEkO8?authuser=0&hl=de&rclk=1
86,Moodfaq (Simitci),90439,"Schwabacher Str. 75, 90439 Nürnberg",4.7,647,21–50,21,50,35.5,5.2,4.508,21 bis 50 Bewertungen aufgrund von Beschwerden wegen Diffamierung entfernt.,https://www.google.com/maps/place/Moodfaq+%28Simitci%29/data=!4m7!3m6!1s0x479f56fcad3dff3f:0xce08bbdc101dae98!8m2!3d49.4385309!4d11.0516033!16s%2Fg%2F11cltjhpq7!19sChIJP_89rfxWn0cRmK4dENy7CM4?authuser=0&hl=de&rclk=1
87,Oggi Trattoria della Nonna,90403,"Augustinerstraße 2, 90403 Nürnberg",4.6,633,21–50,21,50,35.5,5.31,4.409,21 bis 50 Bewertungen aufgrund von Beschwerden wegen Diffamierung entfernt.,https://www.google.com/maps/place/Oggi+Trattoria+della+Nonna/data=!4m7!3m6!1s0x479f57495d8cca9d:0x23b042efaafe914!8m2!3d49.4545867!4d11.0756367!16s%2Fg%2F11vl8s_zns!19sChIJncqMXUlXn0cRFOmv-i4EOwI?authuser=0&hl=de&rclk=1
88,Golden Restaurant & Barbecue,90429,"Fürther Str. 37, 90429 Nürnberg",4.9,623,21–50,21,50,35.5,5.39,4.69,21 bis 50 Bewertungen aufgrund von Beschwerden wegen Diffamierung entfernt.,https://www.google.com/maps/place/Golden+Restaurant+%26+Barbecue/data=!4m7!3m6!1s0x479f5655a5c59573:0x3c8c74a125d03442!8m2!3d49.449736!4d11.0586804!16s%2Fg%2F11ltsxs6d_!19sChIJc5XFpVVWn0cRQjTQJaF0jDw?authuser=0&hl=de&rclk=1
89,Tischlein deck dich,90441,"Dianastraße 43, 90441 Nürnberg",4.6,620,21–50,21,50,35.5,5.42,4.405,21 bis 50 Bewertungen aufgrund von Beschwerden wegen Diffamierung entfernt.,https://www.google.com/maps/place/Tischlein+deck+dich/data=!4m7!3m6!1s0x479f5722c9973fb9:0x663f202ae3abd448!8m2!3d49.425368!4d11.065572!16s%2Fg%2F1tcywdxf!19sChIJuT-XySJXn0cRSNSr4yogP2Y?authuser=0&hl=de&rclk=1
90,Sarko's Barbershop - Nürnberg,90409,"Bayreuther Str. 13a, 90409 Nürnberg",4.9,613,21–50,21,50,35.5,5.47,4.687,21 bis 50 Bewertungen aufgrund von Beschwerden wegen Diffamierung entfernt.,https://www.google.com/maps/place/Sarko%27s+Barbershop+-+N%C3%BCrnberg/data=!4m7!3m6!1s0x479f57b24ca06c2d:0x238da81621a5614f!8m2!3d49.4594233!4d11.0901819!16s%2Fg%2F11p54347w0!19sChIJLWygTLJXn0cRT2GlIRaojSM?authuser=0&hl=de&rclk=1
91,CôCô – Sushi and Grill,90762,"Obstmarkt 3, 90762 Fürth",4.8,596,21–50,21,50,35.5,5.62,4.586,21 bis 50 Bewertungen aufgrund von Beschwerden wegen Diffamierung entfernt.,https://www.google.com/maps/place/C%C3%B4C%C3%B4+%E2%80%93+Sushi+and+Grill/data=!4m7!3m6!1s0x479f5595ad48960d:0x92cdee2e9cf16975!8m2!3d49.4779347!4d10.9877383!16s%2Fg%2F11gdknrp87!19sChIJDZZIrZVVn0cRdWnxnC7uzZI?authuser=0&hl=de&rclk=1
92,Harput Imbiss,90461,"Allersberger Str. 65, 90461 Nürnberg",4.6,572,21–50,21,50,35.5,5.84,4.39,21 bis 50 Bewertungen aufgrund von Beschwerden wegen Diffamierung entfernt.,https://www.google.com/maps/place/Harput+Imbiss/data=!4m7!3m6!1s0x479f5774575737bd:0xc0fdf42b7b94065d!8m2!3d49.441796!4d11.0899237!16s%2Fg%2F11c3s9cb4l!19sChIJvTdXV3RXn0cRXQaUeyv0_cA?authuser=0&hl=de&rclk=1
93,globo Restaurant,90403,"Theresienpl. 1, 90403 Nürnberg",4.8,550,21–50,21,50,35.5,6.06,4.57,21 bis 50 Bewertungen aufgrund von Beschwerden wegen Diffamierung entfernt.,https://www.google.com/maps/place/globo+Restaurant/data=!4m7!3m6!1s0x479f57dc537aedb1:0x374208fedcbe0648!8m2!3d49.4556472!4d11.0801672!16s%2Fg%2F11g0m4qp06!19sChIJse16U9xXn0cRSAa-3P4IQjc?authuser=0&hl=de&rclk=1
94,Kilians Irish Pub,90402,"Hallpl. 21, 90402 Nürnberg",4.6,548,21–50,21,50,35.5,6.08,4.381,21 bis 50 Bewertungen aufgrund von Beschwerden wegen Diffamierung entfernt.,https://www.google.com/maps/place/Kilians+Irish+Pub/data=!4m7!3m6!1s0x479f57b7127dba9f:0xc46c8ca8371f1410!8m2!3d49.4488638!4d11.0782148!16s%2Fg%2F11nxpmxk2h!19sChIJn7p9ErdXn0cREBQfN6iMbMQ?authuser=0&hl=de&rclk=1
95,Burg Café Beer,90403,"Auf der, Burg 13, 90403 Nürnberg",4.7,496,21–50,21,50,35.5,6.68,4.453,21 bis 50 Bewertungen aufgrund von Beschwerden wegen Diffamierung entfernt.,https://www.google.com/maps/place/Burg+Caf%C3%A9+Beer/data=!4m7!3m6!1s0x479f57fb139849fd:0x3173eeb0d1c0f6ed!8m2!3d49.4579779!4d11.0762549!16s%2Fg%2F11r_x1lqh5!19sChIJ_UmYE_tXn0cR7fbA0bDuczE?authuser=0&hl=de&rclk=1
96,Schwabach Barbershop,91126,"Pfarrgasse 2, 91126 Schwabach",4.9,436,21–50,21,50,35.5,7.53,4.606,21 bis 50 Bewertungen aufgrund von Beschwerden wegen Diffamierung entfernt.,https://www.google.com/maps/place/Schwabach+Barbershop/data=!4m7!3m6!1s0x479f513ec6f1c23d:0x896085a89c63b874!8m2!3d49.3292274!4d11.0228004!16s%2Fg%2F11lwszmhpk!19sChIJPcLxxj5Rn0cRdLhjnKiFYIk?authuser=0&hl=de&rclk=1
97,Aleppo Küche,90443,"Tafelfeldstraße 28, 90443 Nürnberg",4.4,432,21–50,21,50,35.5,7.59,4.142,21 bis 50 Bewertungen aufgrund von Beschwerden wegen Diffamierung entfernt.,https://www.google.com/maps/place/Aleppo+K%C3%BCche/data=!4m7!3m6!1s0x479f57689aa5bbe3:0x952dab2a822820f7!8m2!3d49.4414817!4d11.075801!16s%2Fg%2F11s8l01wfm!19sChIJ47ulmmhXn0cR9yAogiqrLZU?authuser=0&hl=de&rclk=1
98,"Barockhäusle Restaurant, Biergarten, Wein- & Bierstube bei Rosi",90419,"Johannisstraße 47, 90419 Nürnberg",4.7,428,21–50,21,50,35.5,7.66,4.417,21 bis 50 Bewertungen aufgrund von Beschwerden wegen Diffamierung entfernt.,"https://www.google.com/maps/place/Barockh%C3%A4usle+Restaurant,+Biergarten,+Wein-+%26+Bierstube+bei+Rosi/data=!4m7!3m6!1s0x479f564d6e9fff2b:0x9ad69213dbc72fb2!8m2!3d49.4586228!4d11.0636792!16s%2Fg%2F1tf39jkm!19sChIJK_-fbk1Wn0cRsi_H2xOS1po?authuser=0&hl=de&rclk=1"
99,Syrisches Haus البيت السوري,90459,"Gugelstraße 93, 90459 Nürnberg",4.9,422,21–50,21,50,35.5,7.76,4.597,21 bis 50 Bewertungen aufgrund von Beschwerden wegen Diffamierung entfernt.,https://www.google.com/maps/place/Syrisches+Haus+%D8%A7%D9%84%D8%A8%D9%8A%D8%AA+%D8%A7%D9%84%D8%B3%D9%88%D8%B1%D9%8A%E2%80%AD/data=!4m7!3m6!1s0x479f57c21f7d4073:0x10c0c63d4098de4!8m2!3d49.4347184!4d11.0762674!16s%2Fg%2F11pd34h1dp!19sChIJc0B9H8JXn0cR5I0J1GMMDAE?authuser=0&hl=de&rclk=1
100,Eco Smart Apartments Premium City,90459,"Breitscheidstraße 58, 90459 Nürnberg",4.5,409,21–50,21,50,35.5,7.99,4.22,21 bis 50 Bewertungen aufgrund von Beschwerden wegen Diffamierung entfernt.,https://www.google.com/maps/place/Eco+Smart+Apartments+Premium+City/data=!4m10!3m9!1s0x479f57f9ebbf87d9:0x8182c117e7bdbab7!5m2!4m1!1i2!8m2!3d49.441975!4d11.0876815!16s%2Fg%2F11s353kb_w!19sChIJ2Ye_6_lXn0cRt7q95xfBgoE?authuser=0&hl=de&rclk=1
101,OCAKBASİ RESTAURANT,90443,"Gartenstraße 2, 90443 Nürnberg",4.7,364,21–50,21,50,35.5,8.89,4.371,21 bis 50 Bewertungen aufgrund von Beschwerden wegen Diffamierung entfernt.,https://www.google.com/maps/place/OCAKBAS%C4%B0+RESTAURANT/data=!4m7!3m6!1s0x479f57d4527bd4e3:0x46648a4727b87e52!8m2!3d49.4463842!4d11.0642057!16s%2Fg%2F11vkjyfwgy!19sChIJ49R7UtRXn0cRUn64J0eKZEY?authuser=0&hl=de&rclk=1
102,Pizza Super Pizza,90475,"Freystädter Str. 137, 90475 Nürnberg",4.9,350,21–50,21,50,35.5,9.21,4.541,21 bis 50 Bewertungen aufgrund von Beschwerden wegen Diffamierung entfernt.,https://www.google.com/maps/place/Pizza+Super+Pizza/data=!4m7!3m6!1s0x479f5971d8398fff:0xee9465ad60316c1a!8m2!3d49.4096943!4d11.1682727!16s%2Fg%2F1tgg8z9m!19sChIJ_4852HFZn0cRGmwxYK1llO4?authuser=0&hl=de&rclk=1
103,K&F Döner Haus,90491,"Leipziger Pl. 1-3, 90491 Nürnberg",4.8,342,21–50,21,50,35.5,9.4,4.443,21 bis 50 Bewertungen aufgrund von Beschwerden wegen Diffamierung entfernt.,https://www.google.com/maps/place/K%26F+D%C3%B6ner+Haus/data=!4m7!3m6!1s0x479f57f43056e5e9:0x5dd414f421ae1ef5!8m2!3d49.4716986!4d11.1029731!16s%2Fg%2F11mtjl1864!19sChIJ6eVWMPRXn0cR9R6uIfQU1F0?authuser=0&hl=de&rclk=1
104,Restaurante Pizzeria Quattro Stagioni,90489,"Heerwagenstraße 21, 90489 Nürnberg",4.8,334,21–50,21,50,35.5,9.61,4.435,21 bis 50 Bewertungen aufgrund von Beschwerden wegen Diffamierung entfernt.,https://www.google.com/maps/place/Restaurante+Pizzeria+Quattro+Stagioni/data=!4m7!3m6!1s0x479f579378f71d45:0x70eb8738eea5d3e9!8m2!3d49.4620235!4d11.1014682!16s%2Fg%2F1vxcvdl_!19sChIJRR33eJNXn0cR6dOl7jiH63A?authuser=0&hl=de&rclk=1
105,Halis Yaprak Döner Nürnberg,90478,"Strauchstraße 1, 90478 Nürnberg",4.9,327,21–50,21,50,35.5,9.79,4.518,21 bis 50 Bewertungen aufgrund von Beschwerden wegen Diffamierung entfernt.,https://www.google.com/maps/place/Halis+Yaprak+D%C3%B6ner+N%C3%BCrnberg/data=!4m7!3m6!1s0x479f57cdda0c1c5d:0x1266882e036b706!8m2!3d49.44326!4d11.0885748!16s%2Fg%2F11ngjhqy33!19sChIJXRwM2s1Xn0cRBrc24IJoJgE?authuser=0&hl=de&rclk=1
106,Espressolab,90403,"Theresienstraße 14, 90403 Nürnberg",4.3,319,21–50,21,50,35.5,10.01,3.97,21 bis 50 Bewertungen aufgrund von Beschwerden wegen Diffamierung entfernt.,https://www.google.com/maps/place/Espressolab/data=!4m7!3m6!1s0x479f57a417bf3037:0x2eea52e4f5fb5bf5!8m2!3d49.4556109!4d11.0788804!16s%2Fg%2F11v0c7gb78!19sChIJNzC_F6RXn0cR9Vv79eRS6i4?authuser=0&hl=de&rclk=1
107,Pizzeria Bella Nürnberg,90459,"Karl-Bröger-Straße 10, 90459 Nürnberg",4.9,317,21–50,21,50,35.5,10.07,4.507,21 bis 50 Bewertungen aufgrund von Beschwerden wegen Diffamierung entfernt.,https://www.google.com/maps/place/Pizzeria+Bella+N%C3%BCrnberg/data=!4m7!3m6!1s0x479f57ac490f9319:0x37c0749a58f6e27!8m2!3d49.443645!4d11.0779012!16s%2Fg%2F11sltp_nm8!19sChIJGZMPSaxXn0cRJ26PpUkHfAM?authuser=0&hl=de&rclk=1
108,Pizzeria Ristorante Romano,90419,"Johannisstraße 96, 90419 Nürnberg",4.5,298,21–50,21,50,35.5,10.64,4.127,21 bis 50 Bewertungen aufgrund von Beschwerden wegen Diffamierung entfernt.,https://www.google.com/maps/place/Pizzeria+Ristorante+Romano/data=!4m7!3m6!1s0x479f564e5a3f346b:0x3b91b91b26dea972!8m2!3d49.46064!4d11.0571569!16s%2Fg%2F1tzzthmv!19sChIJazQ_Wk5Wn0cRcqneJhu5kTs?authuser=0&hl=de&rclk=1
109,Smashpoint,90402,"Brunnengasse 29, 90402 Nürnberg",4.8,287,21–50,21,50,35.5,11.01,4.382,21 bis 50 Bewertungen aufgrund von Beschwerden wegen Diffamierung entfernt.,https://www.google.com/maps/place/Smashpoint/data=!4m7!3m6!1s0x479f570b722a49a1:0xb7b455ff38242aa0!8m2!3d49.4502987!4d11.0756084!16s%2Fg%2F11w8tty5yx!19sChIJoUkqcgtXn0cRoCokOP9VtLc?authuser=0&hl=de&rclk=1
110,Wild Child coffee & eatery,90402,"Karolinenstraße 55, 90402 Nürnberg",4.5,279,21–50,21,50,35.5,11.29,4.105,21 bis 50 Bewertungen aufgrund von Beschwerden wegen Diffamierung entfernt.,"https://www.google.com/maps/place/Wild+Child+coffee+%26+eatery/@49.4509202,11.0734981,17z/data=!3m1!4b1!4m6!3m5!1s0x479f5711994674f5:0x501d69cef2c13902!8m2!3d49.4509202!4d11.0734981!16s%2Fg%2F11yf595cwj?entry=ttu&g_ep=EgoyMDI2MDUxMC4wIKXMDSoASAFQAw%3D%3D&hl=de"
111,Cookie Couture Nürnberg,90402,"Karolinenstraße 42-44, 90402 Nürnberg",4.2,273,21–50,21,50,35.5,11.51,3.832,21 bis 50 Bewertungen aufgrund von Beschwerden wegen Diffamierung entfernt.,https://www.google.com/maps/place/Cookie+Couture+N%C3%BCrnberg/data=!4m7!3m6!1s0x479f570030d1849d:0x1650b4b4c3736daa!8m2!3d49.4511772!4d11.0734077!16s%2Fg%2F11x_g3x_h2!19sChIJnYTRMABXn0cRqm1zw7S0UBY?authuser=0&hl=de&rclk=1
112,CAFÉ SÜSS & SALZIG,90469,"Paumannstraße 37, 90469 Nürnberg",4.6,271,21–50,21,50,35.5,11.58,4.183,21 bis 50 Bewertungen aufgrund von Beschwerden wegen Diffamierung entfernt.,https://www.google.com/maps/place/CAF%C3%89+S%C3%9CSS+%26+SALZIG/data=!4m7!3m6!1s0x479f57b23c6fe4f1:0xe9d0fa427e704157!8m2!3d49.4128829!4d11.0793323!16s%2Fg%2F11l6ryphhd!19sChIJ8eRvPLJXn0cRV0FwfkL60Ok?authuser=0&hl=de&rclk=1
113,dean&david,90443,"Bahnhofspl. 9, 90443 Nürnberg",3.8,265,21–50,21,50,35.5,11.81,3.469,21 bis 50 Bewertungen aufgrund von Beschwerden wegen Diffamierung entfernt.,https://www.google.com/maps/place/dean%26david/data=!4m7!3m6!1s0x479f57bb350ebe45:0x5ba07b4c3bfb29bd!8m2!3d49.4458539!4d11.0816182!16s%2Fg%2F11cl_klh74!19sChIJRb4ONbtXn0cRvSn7O0x7oFs?authuser=0&hl=de&rclk=1
114,Das Haus des Döners,90762,"Königstraße 77, 90762 Fürth",4.7,260,21–50,21,50,35.5,12.01,4.255,21 bis 50 Bewertungen aufgrund von Beschwerden wegen Diffamierung entfernt.,https://www.google.com/maps/place/Das+Haus+des+D%C3%B6ners/data=!4m7!3m6!1s0x479f5551c864ea4d:0xcef2b7859af50af6!8m2!3d49.4779658!4d10.9890508!16s%2Fg%2F11x5c3_07h!19sChIJTepkyFFVn0cR9gr1moW38s4?authuser=0&hl=de&rclk=1
115,EDEKA Luitpoldviertel,90478,"Zufahrt über, Regensburger Str. 74, 90478 Nürnberg",4.6,258,21–50,21,50,35.5,12.1,4.165,21 bis 50 Bewertungen aufgrund von Beschwerden wegen Diffamierung entfernt.,https://www.google.com/maps/place/EDEKA+Luitpoldviertel/data=!4m7!3m6!1s0x479f57001de825cb:0xc2cb33b837a437b0!8m2!3d49.4424979!4d11.1018106!16s%2Fg%2F11vr4ddbdr!19sChIJyyXoHQBXn0cRsDekN7gzy8I?authuser=0&hl=de&rclk=1
116,Aidun Coiffeur,90459,"Wölckernstraße 12, 90459 Nürnberg",4.7,256,21–50,21,50,35.5,12.18,4.249,21 bis 50 Bewertungen aufgrund von Beschwerden wegen Diffamierung entfernt.,https://www.google.com/maps/place/Aidun+Coiffeur/data=!4m7!3m6!1s0x479f57b67c263d9f:0xc978f44c3ad8035!8m2!3d49.4402182!4d11.0817507!16s%2Fg%2F11mtff7dcq!19sChIJnz0mfLZXn0cRNYCtw0SPlww?authuser=0&hl=de&rclk=1
117,MOGGI Asian Kitchen & Bar GmbH,90403,"Katharinengasse 14, 90403 Nürnberg",4.5,236,21–50,21,50,35.5,13.08,4.042,21 bis 50 Bewertungen aufgrund von Beschwerden wegen Diffamierung entfernt.,https://www.google.com/maps/place/MOGGI+Asian+Kitchen+%26+Bar+GmbH/data=!4m7!3m6!1s0x479f570029adf7b3:0x4105d60dafa6d1f5!8m2!3d49.4511438!4d11.0819695!16s%2Fg%2F11lmnhpjpb!19sChIJs_etKQBXn0cR9dGmrw3WBUE?authuser=0&hl=de&rclk=1
118,Europa Hotel Fürth,90763,"Johann-Zumpe-Straße 18, 90763 Fürth",3.5,235,21–50,21,50,35.5,13.12,3.172,21 bis 50 Bewertungen aufgrund von Beschwerden wegen Diffamierung entfernt.,https://www.google.com/maps/place/Europa+Hotel+F%C3%BCrth/data=!4m10!3m9!1s0x479f542fafeb168b:0xdacd9f7fbd743a69!5m2!4m1!1i2!8m2!3d49.4455336!4d10.9952183!16s%2Fg%2F11clsr1yfw!19sChIJixbrry9Un0cRaTp0vX-fzdo?authuser=0&hl=de&rclk=1
119,Istanbul Döner Burger Pizza,90482,"Marthastraße 40, 90482 Nürnberg",4.8,229,21–50,21,50,35.5,13.42,4.29,21 bis 50 Bewertungen aufgrund von Beschwerden wegen Diffamierung entfernt.,https://www.google.com/maps/place/Istanbul+D%C3%B6ner+Burger+Pizza/data=!4m7!3m6!1s0x479f5775df234b31:0x478a1e7ae1dfd2a2!8m2!3d49.4535352!4d11.113926!16s%2Fg%2F11q7t7b6x7!19sChIJMUsj33VXn0cRotLf4Xoeikc?authuser=0&hl=de&rclk=1
120,City cut - Nürnberg,90478,"Schweiggerstraße 6, 90478 Nürnberg",4.9,205,21–50,21,50,35.5,14.76,4.324,21 bis 50 Bewertungen aufgrund von Beschwerden wegen Diffamierung entfernt.,https://www.google.com/maps/place/City+cut+-+N%C3%BCrnberg/data=!4m7!3m6!1s0x479f57edd19893eb:0x181b056e9979e3ee!8m2!3d49.4416299!4d11.0908314!16s%2Fg%2F11sdbg94_y!19sChIJ65OY0e1Xn0cR7uN5mW4FGxg?authuser=0&hl=de&rclk=1
121,Steak Döner,90402,"Ludwigstraße 51, 90402 Nürnberg",4.8,197,21–50,21,50,35.5,15.27,4.22,21 bis 50 Bewertungen aufgrund von Beschwerden wegen Diffamierung entfernt.,https://www.google.com/maps/place/Steak+D%C3%B6ner/data=!4m7!3m6!1s0x479f5722377937f5:0x9588b2cf883f0e3c!8m2!3d49.4490458!4d11.0687113!16s%2Fg%2F11ysb7k_s2!19sChIJ9Td5NyJXn0cRPA4_iM-yiJU?authuser=0&hl=de&rclk=1
122,Blok,90402,"Königstraße 76, 90402 Nürnberg",4.5,190,21–50,21,50,35.5,15.74,3.949,21 bis 50 Bewertungen aufgrund von Beschwerden wegen Diffamierung entfernt.,https://www.google.com/maps/place/Blok/data=!4m7!3m6!1s0x479f57a728da65d5:0x9c14ebf4a3312b92!8m2!3d49.447842!4d11.0805297!16s%2Fg%2F1pp2x9f_8!19sChIJ1WXaKKdXn0cRkisxo_TrFJw?authuser=0&hl=de&rclk=1
123,Waschsalon Team Tafelfeldstr 29,90459,"Tafelfeldstraße 29, 90459 Nürnberg",4.8,185,21–50,21,50,35.5,16.1,4.188,21 bis 50 Bewertungen aufgrund von Beschwerden wegen Diffamierung entfernt.,https://www.google.com/maps/place/Waschsalon+Team+Tafelfeldstr+29/data=!4m7!3m6!1s0x479f57092ba37747:0xd69a9ea210c2a72e!8m2!3d49.4413884!4d11.0761384!16s%2Fg%2F12hnfxx44!19sChIJR3ejKwlXn0cRLqfCEKKemtY?authuser=0&hl=de&rclk=1
124,Euphrat-Schnellimbiss,90459,"Aufseßpl. 17, 90459 Nürnberg",4.8,177,21–50,21,50,35.5,16.71,4.165,21 bis 50 Bewertungen aufgrund von Beschwerden wegen Diffamierung entfernt.,https://www.google.com/maps/place/Euphrat-Schnellimbiss/data=!4m7!3m6!1s0x479f57f2a6cf0b75:0xb655bdcafa0ebf41!8m2!3d49.4412512!4d11.0801989!16s%2Fg%2F11ghpzf_82!19sChIJdQvPpvJXn0cRQb8O-sq9VbY?authuser=0&hl=de&rclk=1
125,Pizza da rosa,90473,"Görlitzer Str. 20, 90473 Nürnberg",4.6,165,21–50,21,50,35.5,17.71,3.963,21 bis 50 Bewertungen aufgrund von Beschwerden wegen Diffamierung entfernt.,https://www.google.com/maps/place/Pizza+da+rosa/data=!4m7!3m6!1s0x479f5a27b22403a5:0x828b62bba6f0b969!8m2!3d49.3972987!4d11.1338485!16s%2Fg%2F1tcwkkl4!19sChIJpQMksidan0cRabnwprtii4I?authuser=0&hl=de&rclk=1
126,Pizzeria Pomodoro,90453,"Seitzstraße 3, 90453 Nürnberg",4.7,164,21–50,21,50,35.5,17.79,4.042,21 bis 50 Bewertungen aufgrund von Beschwerden wegen Diffamierung entfernt.,https://www.google.com/maps/place/Pizzeria+Pomodoro/data=!4m7!3m6!1s0x479f574c11b9eea9:0x69d7f890343519d7!8m2!3d49.3767735!4d11.0249082!16s%2Fg%2F11clzh762k!19sChIJqe65EUxXn0cR1xk1NJD412k?authuser=0&hl=de&rclk=1
127,Özcan Döner,90522,"Rothenburger Str. 54, 90522 Oberasbach",4.7,107,21–50,21,50,35.5,24.91,3.778,21 bis 50 Bewertungen aufgrund von Beschwerden wegen Diffamierung entfernt.,"https://www.google.com/maps/place/%C3%96zcan+D%C3%B6ner/@49.4354939,10.972451,17z/data=!3m1!4b1!4m6!3m5!1s0x479f5500056e24d1:0xab85e5c7ed35cf35!8m2!3d49.4354939!4d10.972451!16s%2Fg%2F11x8d44ynh?entry=ttu&g_ep=EgoyMDI2MDUxMC4wIKXMDSoASAFQAw%3D%3D&hl=de"
128,IU & On,90419,"Roritzerstraße 10, 90419 Nürnberg",4.8,93,21–50,21,50,35.5,27.63,3.75,21 bis 50 Bewertungen aufgrund von Beschwerden wegen Diffamierung entfernt.,https://www.google.com/maps/place/IU+%26+On/data=!4m7!3m6!1s0x479f57b3a5ee7c67:0x9b98e2f1b25fc842!8m2!3d49.4603596!4d11.0703826!16s%2Fg%2F1tdc_p4g!19sChIJZ3zupbNXn0cRQshfsvHimJs?authuser=0&hl=de&rclk=1
129,Medic-Center Rollnerstraße - Dermatologie,90408,"Rollnerstraße 28, 90408 Nürnberg",4.1,93,21–50,21,50,35.5,27.63,3.244,21 bis 50 Bewertungen aufgrund von Beschwerden wegen Diffamierung entfernt.,https://www.google.com/maps/place/Medic-Center+Rollnerstra%C3%9Fe+-+Dermatologie/data=!4m7!3m6!1s0x479f57b98c2b1fbd:0x6b1b530efce2193!8m2!3d49.4617387!4d11.082662!16s%2Fg%2F1tl7mqck!19sChIJvR8rjLlXn0cRkyHO7zC1sQY?authuser=0&hl=de&rclk=1
130,Waschsalon Team Schweiggerstr Nürnberg,90478,"Schweiggerstraße 32, 90478 Nürnberg",4.8,86,21–50,21,50,35.5,29.22,3.69,21 bis 50 Bewertungen aufgrund von Beschwerden wegen Diffamierung entfernt.,https://www.google.com/maps/place/Waschsalon+Team+Schweiggerstr+N%C3%BCrnberg/data=!4m7!3m6!1s0x479f5775d5a45a95:0x5faa784143ac716f!8m2!3d49.442312!4d11.093001!16s%2Fg%2F1tg_w29b!19sChIJlVqk1XVXn0cRb3GsQ0F4ql8?authuser=0&hl=de&rclk=1
131,Ankara Bäckerei Nürnberg,90443,"Gibitzenhofstraße 72, 90443 Nürnberg",4.6,84,21–50,21,50,35.5,29.71,3.531,21 bis 50 Bewertungen aufgrund von Beschwerden wegen Diffamierung entfernt.,https://www.google.com/maps/place/Ankara+B%C3%A4ckerei+N%C3%BCrnberg/data=!4m7!3m6!1s0x479f57052a417ba3:0x79f86a1ea240ecfb!8m2!3d49.4370999!4d11.0674544!16s%2Fg%2F11dxs8vjyh!19sChIJo3tBKgVXn0cR--xAoh5q-Hk?authuser=0&hl=de&rclk=1
132,Swan Rooms,90402,"Hintere Sterngasse 11, 90402 Nürnberg",4.4,82,21–50,21,50,35.5,30.21,3.373,21 bis 50 Bewertungen aufgrund von Beschwerden wegen Diffamierung entfernt.,https://www.google.com/maps/place/Swan+Rooms/data=!4m10!3m9!1s0x479f57fe4ce261c9:0xb34e2f95b79722c1!5m2!4m1!1i2!8m2!3d49.4472512!4d11.0788535!16s%2Fg%2F11l6kplxyg!19sChIJyWHiTP5Xn0cRwSKXt5UvTrM?authuser=0&hl=de&rclk=1
133,Bäckerei Drexler,90473,"Oppelner Str. 223, 90473 Nürnberg",4.6,71,21–50,21,50,35.5,33.33,3.4,21 bis 50 Bewertungen aufgrund von Beschwerden wegen Diffamierung entfernt.,https://www.google.com/maps/place/B%C3%A4ckerei+Drexler/data=!4m7!3m6!1s0x479f597d21130263:0xba3979cbc0e1eff2!8m2!3d49.4015814!4d11.1350744!16s%2Fg%2F11j15mt1_t!19sChIJYwITIX1Zn0cR8u_hwMt5Obo?authuser=0&hl=de&rclk=1
134,Asia Food,90478,"Scheurlstraße 33, 90478 Nürnberg",4.5,66,21–50,21,50,35.5,34.98,3.276,21 bis 50 Bewertungen aufgrund von Beschwerden wegen Diffamierung entfernt.,https://www.google.com/maps/place/Asia+Food/data=!4m7!3m6!1s0x479f577515dfd4db:0xba71f40116cc05e7!8m2!3d49.4434872!4d11.0886821!16s%2Fg%2F1pt_1683s!19sChIJ29TfFXVXn0cR5wXMFgH0cbo?authuser=0&hl=de&rclk=1
135,werk:b events GmbH,90491,"Martin-Albert-Straße 1, 90491 Nürnberg",4.7,30,21–50,21,50,35.5,54.2,2.695,21 bis 50 Bewertungen aufgrund von Beschwerden wegen Diffamierung entfernt.,https://www.google.com/maps/place/werk:b+events+GmbH/data=!4m7!3m6!1s0x479f60d0f3198a95:0x9d141530f831cca8!8m2!3d49.4656028!4d11.1265922!16s%2Fg%2F11zx1dpmf!19sChIJlYoZ89Bgn0cRqMwx-DAVFJ0?authuser=0&hl=de&rclk=1
136,Travolta Nürnberg,90403,"Adlerstraße 28, 90403 Nürnberg",4.7,3282,11–20,11,20,15.5,0.47,4.683,11 bis 20 Bewertungen aufgrund von Beschwerden wegen Diffamierung entfernt.,https://www.google.com/maps/place/Travolta+N%C3%BCrnberg/data=!4m7!3m6!1s0x479f57a636b79c8b:0xf8eaa3c7c945be97!8m2!3d49.4519679!4d11.0753612!16s%2Fg%2F11fxvpyy6w!19sChIJi5y3NqZXn0cRl75Fycej6vg?authuser=0&hl=de&rclk=1
137,Sangam Indisches Restaurant Nürnberg,90402,"Königstraße 87, 90402 Nürnberg",4.7,2390,11–20,11,20,15.5,0.64,4.676,11 bis 20 Bewertungen aufgrund von Beschwerden wegen Diffamierung entfernt.,https://www.google.com/maps/place/Sangam+Indisches+Restaurant+N%C3%BCrnberg/data=!4m7!3m6!1s0x479f57a728657509:0x4e1ee25672dc0258!8m2!3d49.4481874!4d11.0813143!16s%2Fg%2F1tdc_p48!19sChIJCXVlKKdXn0cRWALcclbiHk4?authuser=0&hl=de&rclk=1
138,Admiral Boutique Kino Deluxe,90402,"Königstraße 11, 90402 Nürnberg",4.7,2054,11–20,11,20,15.5,0.75,4.672,11 bis 20 Bewertungen aufgrund von Beschwerden wegen Diffamierung entfernt.,https://www.google.com/maps/place/Admiral+Boutique+Kino+Deluxe/data=!4m7!3m6!1s0x479f57a5e69fc18f:0x451029c45c481a1d!8m2!3d49.451668!4d11.078052!16s%2Fg%2F1tfr95h6!19sChIJj8Gf5qVXn0cRHRpIXMQpEEU?authuser=0&hl=de&rclk=1
139,994 GINZA - Sushi | Izakaya,90443,"Rothenburger Str. 9, 90443 Nürnberg",4.8,1524,11–20,11,20,15.5,1.01,4.762,11 bis 20 Bewertungen aufgrund von Beschwerden wegen Diffamierung entfernt.,https://www.google.com/maps/place/994+GINZA+-+Sushi+%7C+Izakaya/data=!4m7!3m6!1s0x479f5738224e93cf:0xff48f8e6eec8bf11!8m2!3d49.4474678!4d11.062733!16s%2Fg%2F11j5j2krnx!19sChIJz5NOIjhXn0cREb_I7ub4SP8?authuser=0&hl=de&rclk=1
140,LêBar,90402,"Luitpoldstraße 16, 90402 Nürnberg",4.7,1459,11–20,11,20,15.5,1.05,4.661,11 bis 20 Bewertungen aufgrund von Beschwerden wegen Diffamierung entfernt.,https://www.google.com/maps/place/L%C3%AABar/data=!4m7!3m6!1s0x479f57a707651117:0x46b91c554b481989!8m2!3d49.4482537!4d11.0783232!16s%2Fg%2F11cssztjm4!19sChIJFxFlB6dXn0cRiRlIS1UcuUY?authuser=0&hl=de&rclk=1
141,Hotel und Restaurant im Pillhofer,90402,"Königstraße 78, 90402 Nürnberg",4.6,1385,11–20,11,20,15.5,1.11,4.56,11 bis 20 Bewertungen aufgrund von Beschwerden wegen Diffamierung entfernt.,https://www.google.com/maps/place/Hotel+und+Restaurant+im+Pillhofer/data=!4m10!3m9!1s0x479f57a72ff70bad:0x72982e091be58bd7!5m2!4m1!1i2!8m2!3d49.4478238!4d11.0808299!16s%2Fg%2F1vv2r770!19sChIJrQv3L6dXn0cR14vlGwkumHI?authuser=0&hl=de&rclk=1
142,Zeit & Raum,90403,"Wespennest 2, 90403 Nürnberg",4.5,1334,11–20,11,20,15.5,1.15,4.46,11 bis 20 Bewertungen aufgrund von Beschwerden wegen Diffamierung entfernt.,https://www.google.com/maps/place/Zeit+%26+Raum/data=!4m7!3m6!1s0x479f57a43fb81169:0xf8f9b2cdd078649d!8m2!3d49.452041!4d11.0817069!16s%2Fg%2F1tdk44y6!19sChIJaRG4P6RXn0cRnWR40M2y-fg?authuser=0&hl=de&rclk=1
143,"SUPOL, Gibitzenhofstr. 172, NBG",90443,"Gibitzenhofstraße 172, 90443 Nürnberg",4.8,1138,11–20,11,20,15.5,1.34,4.749,11 bis 20 Bewertungen aufgrund von Beschwerden wegen Diffamierung entfernt.,"https://www.google.com/maps/place/SUPOL,+Gibitzenhofstr.+172,+NBG/data=!4m7!3m6!1s0x479f5719b322999f:0x4d06dfc9bd0bbc71!8m2!3d49.4296092!4d11.0653706!16s%2Fg%2F1tfzwh6c!19sChIJn5kisxlXn0cRcbwLvcnfBk0?authuser=0&hl=de&rclk=1"
144,SAN REMO Fine.Food.Hotel,90451,"Eibacher Hauptstraße 85, 90451 Nürnberg",4.6,1107,11–20,11,20,15.5,1.38,4.55,11 bis 20 Bewertungen aufgrund von Beschwerden wegen Diffamierung entfernt.,https://www.google.com/maps/place/SAN+REMO+Fine.Food.Hotel/data=!4m10!3m9!1s0x479f5128dabe577b:0x90d3763a9a275f18!5m2!4m1!1i2!8m2!3d49.40068!4d11.03693!16s%2Fg%2F1tcxc5w1!19sChIJe1e-2ihRn0cRGF8nmjp205A?authuser=0&hl=de&rclk=1
145,WurstDurst,90402,"Luitpoldstraße 13, 90402 Nürnberg",4.6,981,11–20,11,20,15.5,1.56,4.544,11 bis 20 Bewertungen aufgrund von Beschwerden wegen Diffamierung entfernt.,https://www.google.com/maps/place/WurstDurst/data=!4m7!3m6!1s0x479f57a70597a3a9:0x1834c4596c5d900f!8m2!3d49.4479678!4d11.0789255!16s%2Fg%2F1hc0sryvy!19sChIJqaOXBadXn0cRD5BdbFnENBg?authuser=0&hl=de&rclk=1
146,Hidden Kitchen,90429,"Tassilostraße 10, 90429 Nürnberg",4.8,963,11–20,11,20,15.5,1.58,4.74,11 bis 20 Bewertungen aufgrund von Beschwerden wegen Diffamierung entfernt.,https://www.google.com/maps/place/Hidden+Kitchen/data=!4m7!3m6!1s0x479f57cb9d1603c5:0x6291aff57e12fc7e!8m2!3d49.4615!4d11.02102!16s%2Fg%2F11frsxtwzn!19sChIJxQMWnctXn0cRfvwSfvWvkWI?authuser=0&hl=de&rclk=1
147,Das Moor - Fränkische Spezialitäten,90402,"Färberstraße 3, 90402 Nürnberg",4.4,954,11–20,11,20,15.5,1.6,4.346,11 bis 20 Bewertungen aufgrund von Beschwerden wegen Diffamierung entfernt.,https://www.google.com/maps/place/Das+Moor+-+Fr%C3%A4nkische+Spezialit%C3%A4ten/data=!4m7!3m6!1s0x479f57a8dbce5bf7:0x49a1cc5f78d12029!8m2!3d49.4507095!4d11.0732511!16s%2Fg%2F1tg85nf2!19sChIJ91vO26hXn0cRKSDReF_MoUk?authuser=0&hl=de&rclk=1
148,Streetfood 90439,90439,"Rothenburger Str. 134, 90439 Nürnberg",4.9,950,11–20,11,20,15.5,1.61,4.837,11 bis 20 Bewertungen aufgrund von Beschwerden wegen Diffamierung entfernt.,https://www.google.com/maps/place/Streetfood+90439/data=!4m7!3m6!1s0x479f573a266d0af3:0x936ab372976c5c10!8m2!3d49.4428789!4d11.0515001!16s%2Fg%2F11s34nz8v9!19sChIJ8wptJjpXn0cREFxsl3KzapM?authuser=0&hl=de&rclk=1
149,Falco Manufaktur,90402,"Luitpoldstraße 12, 90402 Nürnberg",4.7,880,11–20,11,20,15.5,1.73,4.636,11 bis 20 Bewertungen aufgrund von Beschwerden wegen Diffamierung entfernt.,https://www.google.com/maps/place/Falco+Manufaktur/data=!4m7!3m6!1s0x479f57837fadcdf3:0xaed3e667b28a7833!8m2!3d49.4482874!4d11.0789462!16s%2Fg%2F11r6z15dd4!19sChIJ882tf4NXn0cRM3iKsmfm064?authuser=0&hl=de&rclk=1
150,Hotel Avenue,90403,"Josephspl. 10, 90403 Nürnberg",4.4,809,11–20,11,20,15.5,1.88,4.336,11 bis 20 Bewertungen aufgrund von Beschwerden wegen Diffamierung entfernt.,https://www.google.com/maps/place/Hotel+Avenue/data=!4m10!3m9!1s0x479f57a8d48c333d:0xc9cad25aed48ca50!5m2!4m1!1i2!8m2!3d49.4516723!4d11.0733562!16s%2Fg%2F1tg4kcqn!19sChIJPTOM1KhXn0cRUMpI7VrSysk?authuser=0&hl=de&rclk=1
151,The Hummus Connection,90403,"Äußerer Laufer Pl. 9, 90403 Nürnberg",4.8,793,11–20,11,20,15.5,1.92,4.727,11 bis 20 Bewertungen aufgrund von Beschwerden wegen Diffamierung entfernt.,https://www.google.com/maps/place/The+Hummus+Connection/data=!4m7!3m6!1s0x479f57d0ecb8c7f7:0x77f7dac1ee830c5b!8m2!3d49.45749!4d11.0867098!16s%2Fg%2F11vcr8phmb!19sChIJ98e47NBXn0cRWwyD7sHa93c?authuser=0&hl=de&rclk=1
152,Cafe - Restaurant - Eventhalle Gartenstadt,90469,"Buchenschlag 1, 90469 Nürnberg",4.7,779,11–20,11,20,15.5,1.95,4.628,11 bis 20 Bewertungen aufgrund von Beschwerden wegen Diffamierung entfernt.,https://www.google.com/maps/place/Cafe+-+Restaurant+-+Eventhalle+Gartenstadt/data=!4m7!3m6!1s0x479f574859999f5b:0x6d03e62c3e1a2c46!8m2!3d49.4132297!4d11.0775775!16s%2Fg%2F1tknjfx9!19sChIJW5-ZWUhXn0cRRiwaPizmA20?authuser=0&hl=de&rclk=1
153,McDonald's,90491,"Äußere Bayreuther Str. 80, 90491 Nürnberg",4,749,11–20,11,20,15.5,2.03,3.939,11 bis 20 Bewertungen aufgrund von Beschwerden wegen Diffamierung entfernt.,https://www.google.com/maps/place/McDonald%27s/data=!4m7!3m6!1s0x479f57ea2a740a21:0xeef641c004f25c4!8m2!3d49.4697558!4d11.1015704!16s%2Fg%2F1tczjgmg!19sChIJIQp0KupXn0cRxCVPABxk7w4?authuser=0&hl=de&rclk=1
154,Fitnesspoint Schwabach,91126,"Hansastraße 5, 91126 Schwabach",4.9,733,11–20,11,20,15.5,2.07,4.819,11 bis 20 Bewertungen aufgrund von Beschwerden wegen Diffamierung entfernt.,https://www.google.com/maps/place/Fitnesspoint+Schwabach/data=!4m7!3m6!1s0x479f4ffc30fce391:0xb1654e85ed7a80c9!8m2!3d49.321638!4d11.0578341!16s%2Fg%2F1tfcs6fz!19sChIJkeP8MPxPn0cRyYB67YVOZbE?authuser=0&hl=de&rclk=1
155,LA TRAT-TORIA HOLZOFENPIZZERIA TRADITION AUS DEM HOLZOFEN Nürnberg,90480,"Zerzabelshofstraße 60, 90480 Nürnberg",4.8,674,11–20,11,20,15.5,2.25,4.715,11 bis 20 Bewertungen aufgrund von Beschwerden wegen Diffamierung entfernt.,https://www.google.com/maps/place/LA+TRAT-TORIA+HOLZOFENPIZZERIA+TRADITION+AUS+DEM+HOLZOFEN+N%C3%BCrnberg/data=!4m7!3m6!1s0x479f578074916b83:0x54ee20e0789636b7!8m2!3d49.444032!4d11.1137895!16s%2Fg%2F11b7lm2lsn!19sChIJg2uRdIBXn0cRtzaWeOAg7lQ?authuser=0&hl=de&rclk=1
156,Das blaue Haus - Restaurant,90461,"Allersberger Str. 185, 90461 Nürnberg",4.5,640,11–20,11,20,15.5,2.36,4.417,11 bis 20 Bewertungen aufgrund von Beschwerden wegen Diffamierung entfernt.,https://www.google.com/maps/place/Das+blaue+Haus+-+Restaurant/data=!4m7!3m6!1s0x479f576544445221:0xb9c9a345b632441!8m2!3d49.4327542!4d11.0968561!16s%2Fg%2F1tftq28k!19sChIJIVJERGVXn0cRQSRjWzSanAs?authuser=0&hl=de&rclk=1
157,Areal Burgersgarten,91126,"Badstraße 24, 91126 Schwabach",4.5,611,11–20,11,20,15.5,2.47,4.413,11 bis 20 Bewertungen aufgrund von Beschwerden wegen Diffamierung entfernt.,https://www.google.com/maps/place/Areal+Burgersgarten/data=!4m7!3m6!1s0x479f51d78003613f:0x63ff8dafa8ccd5e9!8m2!3d49.33262!4d11.00246!16s%2Fg%2F11b77bbr6h!19sChIJP2EDgNdRn0cR6dXMqK-N_2M?authuser=0&hl=de&rclk=1
158,Hotel Elch Boutique / seit 1342 / eines der ältesten Hotels in Europa und der Welt,90403,"Irrerstraße 11, 90403 Nürnberg",4.7,495,11–20,11,20,15.5,3.04,4.588,11 bis 20 Bewertungen aufgrund von Beschwerden wegen Diffamierung entfernt.,https://www.google.com/maps/place/Hotel+Elch+Boutique+%2F+seit+1342+%2F+eines+der+%C3%A4ltesten+Hotels+in+Europa+und+der+Welt/data=!4m7!3m6!1s0x479f57ae40d397fd:0x7a435115f4f1f646!8m2!3d49.455437!4d11.073191!16s%2Fg%2F1td6r6wc!19sChIJ_ZfTQK5Xn0cRRvbx9BVRQ3o?authuser=0&hl=de&rclk=1
159,𝙇𝘼𝘿𝙄𝘿𝘼,90461,"Sperberstraße 72, 90461 Nürnberg",4.7,424,11–20,11,20,15.5,3.53,4.57,11 bis 20 Bewertungen aufgrund von Beschwerden wegen Diffamierung entfernt.,https://www.google.com/maps/place/%F0%9D%99%87%F0%9D%98%BC%F0%9D%98%BF%F0%9D%99%84%F0%9D%98%BF%F0%9D%98%BC/data=!4m7!3m6!1s0x479f57f7275f09b1:0xb029213172c208ea!8m2!3d49.4316352!4d11.0861243!16s%2Fg%2F11t7byw5qq!19sChIJsQlfJ_dXn0cR6gjCcjEhKbA?authuser=0&hl=de&rclk=1
160,Gaststätte Schützenhaus Katzwang,90453,"Helmut-Bloß-Straße 4, 90453 Nürnberg",4.6,420,11–20,11,20,15.5,3.56,4.472,11 bis 20 Bewertungen aufgrund von Beschwerden wegen Diffamierung entfernt.,https://www.google.com/maps/place/Gastst%C3%A4tte+Sch%C3%BCtzenhaus+Katzwang/data=!4m7!3m6!1s0x479f5067f8b1009f:0x96aa629e2939bbc1!8m2!3d49.3563194!4d11.0515527!16s%2Fg%2F11c70hk5r7!19sChIJnwCx-GdQn0cRwbs5KZ5iqpY?authuser=0&hl=de&rclk=1
161,Rainer Kerschers Imbiss,90763,"Schwabacher Str. 335, 90763 Fürth",4.6,413,11–20,11,20,15.5,3.62,4.47,11 bis 20 Bewertungen aufgrund von Beschwerden wegen Diffamierung entfernt.,https://www.google.com/maps/place/Rainer+Kerschers+Imbiss/data=!4m7!3m6!1s0x479f569acb4e09b9:0x995c673bcdbcc216!8m2!3d49.4453696!4d10.9917521!16s%2Fg%2F1tmptzpj!19sChIJuQlOy5pWn0cRFsK8zTtnXJk?authuser=0&hl=de&rclk=1
162,Kräuterhaus Wurzelsepp OHG,90403,"Hauptmarkt 1, 90403 Nürnberg",4.6,376,11–20,11,20,15.5,3.96,4.457,11 bis 20 Bewertungen aufgrund von Beschwerden wegen Diffamierung entfernt.,https://www.google.com/maps/place/Kr%C3%A4uterhaus+Wurzelsepp+OHG/data=!4m7!3m6!1s0x479f57a57df6abf3:0x5464443bab850eee!8m2!3d49.453268!4d11.076627!16s%2Fg%2F1xgz9sqm!19sChIJ86v2faVXn0cR7g6FqztEZFQ?authuser=0&hl=de&rclk=1
163,Barbershop Zirndorf,90513,"Nürnberger Str. 28, 90513 Zirndorf",4.8,374,11–20,11,20,15.5,3.98,4.649,11 bis 20 Bewertungen aufgrund von Beschwerden wegen Diffamierung entfernt.,https://www.google.com/maps/place/Barbershop+Zirndorf/data=!4m7!3m6!1s0x479f55f2a9610859:0xae6831f468711fb4!8m2!3d49.4401677!4d10.9609247!16s%2Fg%2F11j3wxshnx!19sChIJWQhhqfJVn0cRtB9xaPQxaK4?authuser=0&hl=de&rclk=1
164,Hotel Schwarzes Kreuz Fürth,90762,"Königstraße 81, 90762 Fürth",4.6,366,11–20,11,20,15.5,4.06,4.454,11 bis 20 Bewertungen aufgrund von Beschwerden wegen Diffamierung entfernt.,https://www.google.com/maps/place/Hotel+Schwarzes+Kreuz+F%C3%BCrth/data=!4m10!3m9!1s0x479f55951a2ab915:0xff35339a8e52dc00!5m2!4m1!1i2!8m2!3d49.477726!4d10.9894562!16s%2Fg%2F1tdnk34l!19sChIJFbkqGpVVn0cRANxSjpozNf8?authuser=0&hl=de&rclk=1
165,Restaurant Pavarotti,90471,"Neuselsbrunn 6, 90471 Nürnberg",4.6,365,11–20,11,20,15.5,4.07,4.453,11 bis 20 Bewertungen aufgrund von Beschwerden wegen Diffamierung entfernt.,https://www.google.com/maps/place/Restaurant+Pavarotti/data=!4m7!3m6!1s0x479f59e57ae201f3:0x29d9fa29863d34ac!8m2!3d49.413666!4d11.114895!16s%2Fg%2F1tl0wb9m!19sChIJ8wHieuVZn0cRrDQ9hin62Sk?authuser=0&hl=de&rclk=1
166,FIVE Diner II Ostendstraße 83,90482,"Ostendstraße 83, 90482 Nürnberg",4.7,357,11–20,11,20,15.5,4.16,4.546,11 bis 20 Bewertungen aufgrund von Beschwerden wegen Diffamierung entfernt.,https://www.google.com/maps/place/FIVE+Diner+II+Ostendstra%C3%9Fe+83/data=!4m7!3m6!1s0x479f5788f3a727f3:0x63bc7ff1afb7a753!8m2!3d49.4543838!4d11.1143625!16s%2Fg%2F11d_tqk02v!19sChIJ8yen84hXn0cRU6e3r_F_vGM?authuser=0&hl=de&rclk=1
167,HOTEL GARNI Nürnberger Trichter,90475,"Löwenberger Str. 147, 90475 Nürnberg",4.6,356,11–20,11,20,15.5,4.17,4.45,11 bis 20 Bewertungen aufgrund von Beschwerden wegen Diffamierung entfernt.,https://www.google.com/maps/place/HOTEL+GARNI+N%C3%BCrnberger+Trichter/data=!4m10!3m9!1s0x479f596dcc5bb6db:0x9e17232dd05104d7!5m2!4m1!1i2!8m2!3d49.4121159!4d11.1724204!16s%2Fg%2F1vxcvdmh!19sChIJ27ZbzG1Zn0cR1wRR0C0jF54?authuser=0&hl=de&rclk=1
168,"Bruderherz Nürnberg - Brauwerkstatt, Gutmann Gastwirtschaft, Stehausschank",90402,"Luitpoldstraße 15, 90402 Nürnberg",4.7,347,11–20,11,20,15.5,4.28,4.542,11 bis 20 Bewertungen aufgrund von Beschwerden wegen Diffamierung entfernt.,"https://www.google.com/maps/place/Bruderherz+N%C3%BCrnberg+-+Brauwerkstatt,+Gutmann+Gastwirtschaft,+Stehausschank/data=!4m7!3m6!1s0x479f575c87dce62f:0x85c3fb7caea5312b!8m2!3d49.4479685!4d11.0787306!16s%2Fg%2F11xcd302l0!19sChIJL-bch1xXn0cRKzGlrnz7w4U?authuser=0&hl=de&rclk=1"
169,Pension Geiger,90547,"Unterweihersbucher Str. 12, 90547 Stein",4.7,309,11–20,11,20,15.5,4.78,4.523,11 bis 20 Bewertungen aufgrund von Beschwerden wegen Diffamierung entfernt.,https://www.google.com/maps/place/Pension+Geiger/data=!4m7!3m6!1s0x479f51539c3e182d:0xa6dc888be834a5e0!8m2!3d49.409929!4d11.000176!16s%2Fg%2F1v93_1gn!19sChIJLRg-nFNRn0cR4KU06IuI3KY?authuser=0&hl=de&rclk=1
170,Pizzeria Lamia,90766,"Gaußstraße 37, 90766 Fürth",4.8,263,11–20,11,20,15.5,5.57,4.589,11 bis 20 Bewertungen aufgrund von Beschwerden wegen Diffamierung entfernt.,https://www.google.com/maps/place/Pizzeria+Lamia/data=!4m7!3m6!1s0x479f556d81795555:0x3e15f430daa2ec20!8m2!3d49.481564!4d10.952295!16s%2Fg%2F11h64_tdpx!19sChIJVVV5gW1Vn0cRIOyi2jD0FT4?authuser=0&hl=de&rclk=1
171,MESA,90443,"Tafelfeldstraße 73, 90443 Nürnberg",4.9,255,11–20,11,20,15.5,5.73,4.677,11 bis 20 Bewertungen aufgrund von Beschwerden wegen Diffamierung entfernt.,https://www.google.com/maps/place/MESA/data=!4m7!3m6!1s0x479f572aefd098fb:0x55d3ba423081d302!8m2!3d49.4385713!4d11.0771658!16s%2Fg%2F11vz583gb4!19sChIJ-5jQ7ypXn0cRAtOBMEK601U?authuser=0&hl=de&rclk=1
172,Kings & Queens Company Nürnberg,90453,"Mühlhofer Hauptstraße 22, 90453 Nürnberg",4.8,251,11–20,11,20,15.5,5.82,4.579,11 bis 20 Bewertungen aufgrund von Beschwerden wegen Diffamierung entfernt.,https://www.google.com/maps/place/Kings+%26+Queens+Company+N%C3%BCrnberg/data=!4m7!3m6!1s0x479f5166996c386b:0x46ce21aea78b297e!8m2!3d49.375336!4d11.025415!16s%2Fg%2F11qp3vqm7l!19sChIJazhsmWZRn0cRfimLp64hzkY?authuser=0&hl=de&rclk=1
173,Pizzeria Paesana,90461,"Allersberger Str. 94, 90461 Nürnberg",5,225,11–20,11,20,15.5,6.44,4.742,11 bis 20 Bewertungen aufgrund von Beschwerden wegen Diffamierung entfernt.,https://www.google.com/maps/place/Pizzeria+Paesana/data=!4m7!3m6!1s0x479f57fdf4c716f1:0xc096d10004f64070!8m2!3d49.439612!4d11.0900837!16s%2Fg%2F11rzqdckqb!19sChIJ8RbH9P1Xn0cRcED2BADRlsA?authuser=0&hl=de&rclk=1
174,Wirtshaus Albrecht,90403,"Rathauspl. 4, 90403 Nürnberg",4.4,213,11–20,11,20,15.5,6.78,4.169,11 bis 20 Bewertungen aufgrund von Beschwerden wegen Diffamierung entfernt.,https://www.google.com/maps/place/Wirtshaus+Albrecht/data=!4m7!3m6!1s0x479f5700779ae4db:0x838bce78aed4b9dc!8m2!3d49.4549366!4d11.0773582!16s%2Fg%2F11yq8v0hnd!19sChIJ2-SadwBXn0cR3LnUrnjOi4M?authuser=0&hl=de&rclk=1
175,Orko,90403,"Hans-Sachs-Platz 10, 90403 Nürnberg",4.6,181,11–20,11,20,15.5,7.89,4.316,11 bis 20 Bewertungen aufgrund von Beschwerden wegen Diffamierung entfernt.,https://www.google.com/maps/place/Orko/data=!4m7!3m6!1s0x479f57546008d947:0x8eec689c574ad102!8m2!3d49.4537188!4d11.0805129!16s%2Fg%2F11spq_sby9!19sChIJR9kIYFRXn0cRAtFKV5xo7I4?authuser=0&hl=de&rclk=1
176,CULINA,90409,"Schleifweg 31-33, 90409 Nürnberg",4.6,180,11–20,11,20,15.5,7.93,4.315,11 bis 20 Bewertungen aufgrund von Beschwerden wegen Diffamierung entfernt.,https://www.google.com/maps/place/CULINA/data=!4m7!3m6!1s0x479f57c605e08f4d:0xb512d9611a1681a5!8m2!3d49.4709282!4d11.0850807!16s%2Fg%2F1tg5b2ns!19sChIJTY_gBcZXn0cRpYEWGmHZErU?authuser=0&hl=de&rclk=1
177,FranKonya,90443,"Gostenhofer Hauptstraße 20, 90443 Nürnberg",4.5,178,11–20,11,20,15.5,8.01,4.22,11 bis 20 Bewertungen aufgrund von Beschwerden wegen Diffamierung entfernt.,https://www.google.com/maps/place/FranKonya/data=!4m7!3m6!1s0x479f57a73350aed5:0xef0321790f9cee83!8m2!3d49.4471632!4d11.0647079!16s%2Fg%2F11t1h2jrkw!19sChIJ1a5QM6dXn0cRg-6cD3khA-8?authuser=0&hl=de&rclk=1
178,Pronto Pizza,90431,"Edisonstraße 18, 90431 Nürnberg",3.6,168,11–20,11,20,15.5,8.45,3.38,11 bis 20 Bewertungen aufgrund von Beschwerden wegen Diffamierung entfernt.,https://www.google.com/maps/place/Pronto+Pizza/data=!4m7!3m6!1s0x479f56eade3143d3:0xf6e7b10ca4f58f8!8m2!3d49.4324274!4d11.0300067!16s%2Fg%2F11c1mznm8m!19sChIJ00Mx3upWn0cR-FhPyhB7bg8?authuser=0&hl=de&rclk=1
179,Balū • Breakfast & Brunch,90402,"Vordere Sterngasse 4-6, 90402 Nürnberg",4.8,160,11–20,11,20,15.5,8.83,4.464,11 bis 20 Bewertungen aufgrund von Beschwerden wegen Diffamierung entfernt.,https://www.google.com/maps/place/Bal%C5%AB+%E2%80%A2+Breakfast+%26+Brunch/data=!4m7!3m6!1s0x479f577915c5d4ab:0x202a3a2197d5a5c6!8m2!3d49.448357!4d11.078099!16s%2Fg%2F11wmvt83dy!19sChIJq9TFFXlXn0cRxqXVlyE6KiA?authuser=0&hl=de&rclk=1
180,Lange Kante 16,90403,"Weißgerbergasse 16, 90403 Nürnberg",4.9,152,11–20,11,20,15.5,9.25,4.539,11 bis 20 Bewertungen aufgrund von Beschwerden wegen Diffamierung entfernt.,https://www.google.com/maps/place/Lange+Kante+16/data=!4m7!3m6!1s0x479f57ee2900db09:0x8635881f5249577d!8m2!3d49.4552606!4d11.0727683!16s%2Fg%2F11t7f56n5z!19sChIJCdsAKe5Xn0cRfVdJUh-INYY?authuser=0&hl=de&rclk=1
181,FoodHouse,90425,"Kölner Str. 32, 90425 Nürnberg",4.8,144,11–20,11,20,15.5,9.72,4.431,11 bis 20 Bewertungen aufgrund von Beschwerden wegen Diffamierung entfernt.,https://www.google.com/maps/place/FoodHouse/data=!4m7!3m6!1s0x479f5754e454daff:0x8e4e40a2f3a0d0e!8m2!3d49.4677968!4d11.0589167!16s%2Fg%2F11y3km_md2!19sChIJ_9pU5FRXn0cRDg06Lwrk5Ag?authuser=0&hl=de&rclk=1
182,ADA Simit Haus,90459,"Pillenreuther Str. 97, 90459 Nürnberg",4.8,141,11–20,11,20,15.5,9.9,4.424,11 bis 20 Bewertungen aufgrund von Beschwerden wegen Diffamierung entfernt.,https://www.google.com/maps/place/ADA+Simit+Haus/data=!4m7!3m6!1s0x479f57f60f6fe563:0xa039a11e831333f9!8m2!3d49.4347961!4d11.0850485!16s%2Fg%2F11jft77dgd!19sChIJY-VvD_ZXn0cR-TMTgx6hOaA?authuser=0&hl=de&rclk=1
183,FKK Club Heaven,90431,"Edisonstraße 10, 90431 Nürnberg",4.7,141,11–20,11,20,15.5,9.9,4.334,11 bis 20 Bewertungen aufgrund von Beschwerden wegen Diffamierung entfernt.,https://www.google.com/maps/place/FKK+Club+Heaven/data=!4m7!3m6!1s0x479f56ebaa291ea1:0xff875d088dacebc1!8m2!3d49.4330615!4d11.0319418!16s%2Fg%2F11x9p18nx!19sChIJoR4pqutWn0cRweusjQhdh_8?authuser=0&hl=de&rclk=1
184,Howe Wurstwaren KG,90451,"Regenstraße 1, 90451 Nürnberg",4.3,128,11–20,11,20,15.5,10.8,3.944,11 bis 20 Bewertungen aufgrund von Beschwerden wegen Diffamierung entfernt.,https://www.google.com/maps/place/Howe+Wurstwaren+KG/data=!4m7!3m6!1s0x479f573482e79a4d:0xd115190488bb68d0!8m2!3d49.40815!4d11.06621!16s%2Fg%2F1tfjdjrz!19sChIJTZrngjRXn0cR0Gi7iAQZFdE?authuser=0&hl=de&rclk=1
185,Sportfachgeschäft - Nika Sport,90455,"Radmeisterstraße 2, 90455 Nürnberg",4.7,118,11–20,11,20,15.5,11.61,4.27,11 bis 20 Bewertungen aufgrund von Beschwerden wegen Diffamierung entfernt.,https://www.google.com/maps/place/Sportfachgesch%C3%A4ft+-+Nika+Sport/data=!4m7!3m6!1s0x479f50846ff62435:0x60f96b4669c55876!8m2!3d49.3711321!4d11.0775361!16s%2Fg%2F1tj2mg69!19sChIJNST2b4RQn0cRdljFaUZr-WA?authuser=0&hl=de&rclk=1
186,Eco Smart Apartments Nürnberg Süd,90451,"Hinterhofstraße 9, 90451 Nürnberg",4.5,107,11–20,11,20,15.5,12.65,4.057,11 bis 20 Bewertungen aufgrund von Beschwerden wegen Diffamierung entfernt.,https://www.google.com/maps/place/Eco+Smart+Apartments+N%C3%BCrnberg+S%C3%BCd/data=!4m7!3m6!1s0x479f5129217fe1fd:0xd551f7ddf6435237!8m2!3d49.40149!4d11.03779!16s%2Fg%2F11fkm89cby!19sChIJ_eF_ISlRn0cRN1JD9t33UdU?authuser=0&hl=de&rclk=1
187,Original Berliner Döner - deluxe,90402,"Färberstraße 24A, 90402 Nürnberg",4.4,82,11–20,11,20,15.5,15.9,3.859,11 bis 20 Bewertungen aufgrund von Beschwerden wegen Diffamierung entfernt.,"https://www.google.com/maps/place/Original+Berliner+D%C3%B6ner+-+deluxe/@49.4488839,11.072135,17z/data=!3m1!4b1!4m6!3m5!1s0x479f57f84cb56f2d:0x8c41c1ecbc965573!8m2!3d49.4488839!4d11.072135!16s%2Fg%2F11z4731_pt?entry=ttu&g_ep=EgoyMDI2MDUxMC4wIKXMDSoASAFQAw%3D%3D&hl=de"
188,Kral Internetcafe,90441,"Schweinauer Hauptstraße 55, 90441 Nürnberg",4.9,78,11–20,11,20,15.5,16.58,4.253,11 bis 20 Bewertungen aufgrund von Beschwerden wegen Diffamierung entfernt.,https://www.google.com/maps/place/Kral+Internetcafe/data=!4m7!3m6!1s0x479f56e6e9665933:0x64a5da4af71da809!8m2!3d49.4321884!4d11.0464173!16s%2Fg%2F1tr7btcp!19sChIJM1lm6eZWn0cRCagd90rapWQ?authuser=0&hl=de&rclk=1
189,The Best Cut,90443,"Ludwigstraße 77, 90443 Nürnberg",4.8,78,11–20,11,20,15.5,16.58,4.17,11 bis 20 Bewertungen aufgrund von Beschwerden wegen Diffamierung entfernt.,https://www.google.com/maps/place/The+Best+Cut/data=!4m7!3m6!1s0x479f574aff80af2d:0x688410bc4d6896ef!8m2!3d49.4485404!4d11.0675969!16s%2Fg%2F11gj6cbh6w!19sChIJLa-A_0pXn0cR75ZoTbwQhGg?authuser=0&hl=de&rclk=1
190,AVE Lounge Nuernberg Bar - Restaurant,90459,"Breitscheidstraße 5, 90459 Nürnberg",4.9,77,11–20,11,20,15.5,16.76,4.246,11 bis 20 Bewertungen aufgrund von Beschwerden wegen Diffamierung entfernt.,https://www.google.com/maps/place/AVE+Lounge+Nuernberg+Bar+-+Restaurant/data=!4m7!3m6!1s0x479f5791caa6fc7d:0x363317899117a0fb!8m2!3d49.4414473!4d11.0812969!16s%2Fg%2F11xgd91n5y!19sChIJffymypFXn0cR-6AXkYkXMzY?authuser=0&hl=de&rclk=1
191,Friseur Unicut Nürnberg – Haar- und Bartschnitt,90402,"Ludwigstraße 57, 90402 Nürnberg",5,54,11–20,11,20,15.5,22.3,4.108,11 bis 20 Bewertungen aufgrund von Beschwerden wegen Diffamierung entfernt.,https://www.google.com/maps/place/Friseur+Unicut+N%C3%BCrnberg+%E2%80%93+Haar-+und+Bartschnitt/data=!4m7!3m6!1s0x479f57aa263bf5a1:0x9f35e949fb8db8a7!8m2!3d49.4488813!4d11.0684209!16s%2Fg%2F11h_wz81mf!19sChIJofU7JqpXn0cRp7iN-0npNZ8?authuser=0&hl=de&rclk=1
192,Deutschherrn Apotheke,90429,"Fürther Str. 6A, 90429 Nürnberg",4.6,36,11–20,11,20,15.5,30.1,3.517,11 bis 20 Bewertungen aufgrund von Beschwerden wegen Diffamierung entfernt.,https://www.google.com/maps/place/Deutschherrn+Apotheke/data=!4m7!3m6!1s0x479f57aace11d32d:0x521d716f2f2183f9!8m2!3d49.4496848!4d11.0626176!16s%2Fg%2F1tr7hcq2!19sChIJLdMRzqpXn0cR-YMhL29xHVI?authuser=0&hl=de&rclk=1
193,Bäcker Drexler,90480,"Regensburger Str. 250, 90480 Nürnberg",4,31,11–20,11,20,15.5,33.33,3,11 bis 20 Bewertungen aufgrund von Beschwerden wegen Diffamierung entfernt.,https://www.google.com/maps/place/B%C3%A4cker+Drexler/data=!4m7!3m6!1s0x479f59860ed6c811:0x2a4f25b1fa8caecd!8m2!3d49.4362197!4d11.1203069!16s%2Fg%2F11j5qj3dzl!19sChIJEcjWDoZZn0cRza6M-rElTyo?authuser=0&hl=de&rclk=1
194,Nurban Apartments Nürnberg,90402,"Ottostraße 25, 90402 Nürnberg",4.5,28,11–20,11,20,15.5,35.63,3.253,11 bis 20 Bewertungen aufgrund von Beschwerden wegen Diffamierung entfernt.,https://www.google.com/maps/place/Nurban+Apartments+N%C3%BCrnberg/data=!4m10!3m9!1s0x479f575a57597da5:0x957a53a121e52a10!5m2!4m1!1i2!8m2!3d49.448244!4d11.0681685!16s%2Fg%2F11nh4rtvv5!19sChIJpX1ZV1pXn0cRECrlIaFTepU?authuser=0&hl=de&rclk=1
195,Bäckerei Drexler,90461,"Allersberger Str. 185, 90461 Nürnberg",4.4,25,11–20,11,20,15.5,38.27,3.099,11 bis 20 Bewertungen aufgrund von Beschwerden wegen Diffamierung entfernt.,https://www.google.com/maps/place/B%C3%A4ckerei+Drexler/data=!4m7!3m6!1s0x479f576550bc0f2b:0x625e0e90f1b061c5!8m2!3d49.4332355!4d11.0967356!16s%2Fg%2F11bzyq6rb7!19sChIJKw-8UGVXn0cRxWGw8ZAOXmI?authuser=0&hl=de&rclk=1
196,Indisches Restaurant NAMASTE Nürnberg,90403,"Hirschelgasse 1, 90403 Nürnberg",4.9,4775,6–10,6,10,8,0.17,4.893,Sechs bis zehn Bewertungen aufgrund von Beschwerden wegen Diffamierung entfernt.,https://www.google.com/maps/place/Indisches+Restaurant+NAMASTE+N%C3%BCrnberg/data=!4m7!3m6!1s0x479f57eae4ebf91b:0x99cec641b00d09e6!8m2!3d49.4573905!4d11.0836291!16s%2Fg%2F11gjygtnlp!19sChIJG_nr5OpXn0cR5gkNsEHGzpk?authuser=0&hl=de&rclk=1
197,60 seconds to napoli Nürnberg,90402,"Färberstraße 10, 90402 Nürnberg",4.5,4755,6–10,6,10,8,0.17,4.494,Sechs bis zehn Bewertungen aufgrund von Beschwerden wegen Diffamierung entfernt.,"https://www.google.com/maps/place/60+seconds+to+napoli+N%C3%BCrnberg/@49.4497571,11.0724782,17z/data=!3m1!4b1!4m6!3m5!1s0x479f5730248e515f:0x706eb015cc72176d!8m2!3d49.4497571!4d11.0724782!16s%2Fg%2F11xrgh3nxz?entry=ttu&g_ep=EgoyMDI2MDUxMC4wIKXMDSoASAFQAw%3D%3D&hl=de"
198,BASECOFFEE® Nürnberg,90402,"Bankgasse 3, 90402 Nürnberg",4.7,1962,6–10,6,10,8,0.41,4.685,Sechs bis zehn Bewertungen aufgrund von Beschwerden wegen Diffamierung entfernt.,https://www.google.com/maps/place/BASECOFFEE%C2%AE+N%C3%BCrnberg/data=!4m7!3m6!1s0x479f57d3d6332f11:0x40c1cd2557d68930!8m2!3d49.4517557!4d11.0787427!16s%2Fg%2F11v10kwlw3!19sChIJES8z1tNXn0cRMInWVyXNwUA?authuser=0&hl=de&rclk=1
199,Mercato Di Dio Feinkost,90425,"Pretzfelder Str. 5, 90425 Nürnberg",4.6,1901,6–10,6,10,8,0.42,4.585,Sechs bis zehn Bewertungen aufgrund von Beschwerden wegen Diffamierung entfernt.,https://www.google.com/maps/place/Mercato+Di+Dio+Feinkost/data=!4m7!3m6!1s0x479f5636bed0a28f:0x7533a33b671d96e0!8m2!3d49.47234!4d11.06287!16s%2Fg%2F1thlm1xz!19sChIJj6LQvjZWn0cR4JYdZzujM3U?authuser=0&hl=de&rclk=1
200,Süss Dealer - Nürnberg,90443,"Sandstraße 1a, 90443 Nürnberg",4.8,1828,6–10,6,10,8,0.44,4.783,Sechs bis zehn Bewertungen aufgrund von Beschwerden wegen Diffamierung entfernt.,https://www.google.com/maps/place/S%C3%BCss+Dealer+-+N%C3%BCrnberg/data=!4m7!3m6!1s0x479f5707e9118e45:0x2ba5d8cf3a08bc1d!8m2!3d49.4468788!4d11.0685014!16s%2Fg%2F11hb00nfn0!19sChIJRY4R6QdXn0cRHbwIOs_YpSs?authuser=0&hl=de&rclk=1
201,Indisches Restaurant Ganesha Nürnberg,90403,"Winklerstraße 3, 90403 Nürnberg",4.8,1817,6–10,6,10,8,0.44,4.783,Sechs bis zehn Bewertungen aufgrund von Beschwerden wegen Diffamierung entfernt.,https://www.google.com/maps/place/Indisches+Restaurant+Ganesha+N%C3%BCrnberg/data=!4m7!3m6!1s0x479f57af6e1c0975:0x8bcc5b83e5d2da27!8m2!3d49.4533753!4d11.0759706!16s%2Fg%2F11f0yl1vbm!19sChIJdQkcbq9Xn0cRJ9rS5YNbzIs?authuser=0&hl=de&rclk=1
202,O.sha Thai Restaurant Nürnberg,90402,"Jakobstraße 13-15, 90402 Nürnberg",4.6,1398,6–10,6,10,8,0.57,4.58,Sechs bis zehn Bewertungen aufgrund von Beschwerden wegen Diffamierung entfernt.,https://www.google.com/maps/place/O.sha+Thai+Restaurant+N%C3%BCrnberg/data=!4m7!3m6!1s0x479f57a85e95e399:0xd9dbd1d8f6fe183f!8m2!3d49.448854!4d11.073369!16s%2Fg%2F1tkb42y4!19sChIJmeOVXqhXn0cRPxj-9tjR29k?authuser=0&hl=de&rclk=1
203,Golden Club Lounge Hookah & Drink *,90402,"Färberstraße 19, 90402 Nürnberg",4.9,1329,6–10,6,10,8,0.6,4.877,Sechs bis zehn Bewertungen aufgrund von Beschwerden wegen Diffamierung entfernt.,https://www.google.com/maps/place/Golden+Club+Lounge+Hookah+%26+Drink+*/data=!4m7!3m6!1s0x479f57a8f8cf48d9:0xcf42a49889b69642!8m2!3d49.4487938!4d11.0725729!16s%2Fg%2F11bztbcq2g!19sChIJ2UjP-KhXn0cRQpa2iZikQs8?authuser=0&hl=de&rclk=1
204,Samurai Restaurant in Fürth,90763,"Schwabacher Str. 335, 90763 Fürth",4.7,1257,6–10,6,10,8,0.63,4.677,Sechs bis zehn Bewertungen aufgrund von Beschwerden wegen Diffamierung entfernt.,https://www.google.com/maps/place/Samurai+Restaurant+in+F%C3%BCrth/data=!4m7!3m6!1s0x479f5430168e08fb:0x70bd68d38018f2d4!8m2!3d49.4453704!4d10.9911631!16s%2Fg%2F1vc80t5p!19sChIJ-wiOFjBUn0cR1PIYgNNovXA?authuser=0&hl=de&rclk=1
205,PINSANO café-restaurant-bar,90402,"Lorenzer Pl. 23, 90402 Nürnberg",4.8,993,6–10,6,10,8,0.8,4.77,Sechs bis zehn Bewertungen aufgrund von Beschwerden wegen Diffamierung entfernt.,https://www.google.com/maps/place/PINSANO+caf%C3%A9-restaurant-bar/data=!4m7!3m6!1s0x479f57a174a85257:0x78703b278d291d8c!8m2!3d49.4509996!4d11.0799711!16s%2Fg%2F11tf1zc_lv!19sChIJV1KodKFXn0cRjB0pjSc7cHg?authuser=0&hl=de&rclk=1
206,Waldrestaurant Schiesshaus,90491,"Günthersbühler Str. 145, 90491 Nürnberg",4.6,960,6–10,6,10,8,0.83,4.57,Sechs bis zehn Bewertungen aufgrund von Beschwerden wegen Diffamierung entfernt.,https://www.google.com/maps/place/Waldrestaurant+Schiesshaus/data=!4m7!3m6!1s0x47a1e2a87ff65955:0x461ed72a9368e166!8m2!3d49.4836111!4d11.1425!16s%2Fg%2F1v2pp6jz!19sChIJVVn2f6jioUcRZuFokyrXHkY?authuser=0&hl=de&rclk=1
207,Kebap Sarayi,90441,"Dianastraße 16, 90441 Nürnberg",4.8,922,6–10,6,10,8,0.86,4.767,Sechs bis zehn Bewertungen aufgrund von Beschwerden wegen Diffamierung entfernt.,https://www.google.com/maps/place/Kebap+Sarayi/data=!4m7!3m6!1s0x479f57186cc2ce55:0xfac3473b998a6b43!8m2!3d49.4276533!4d11.0651913!16s%2Fg%2F11cmy36njg!19sChIJVc7CbBhXn0cRQ2uKmTtHw_o?authuser=0&hl=de&rclk=1
208,Taqueria Cantina la Lucha city,90403,"Adlerstraße 20, 90403 Nürnberg",4.6,884,6–10,6,10,8,0.9,4.568,Sechs bis zehn Bewertungen aufgrund von Beschwerden wegen Diffamierung entfernt.,https://www.google.com/maps/place/Taqueria+Cantina+la+Lucha+city/data=!4m7!3m6!1s0x479f576899cb6ca1:0x8de1e144d1cdaeb7!8m2!3d49.45198!4d11.07611!16s%2Fg%2F11sj8x5qxj!19sChIJoWzLmWhXn0cRt67N0UTh4Y0?authuser=0&hl=de&rclk=1
209,dieroteBar,90403,"Peter-Vischer-Straße 3, 90403 Nürnberg",4.5,781,6–10,6,10,8,1.01,4.465,Sechs bis zehn Bewertungen aufgrund von Beschwerden wegen Diffamierung entfernt.,https://www.google.com/maps/place/dieroteBar/data=!4m7!3m6!1s0x479f57a43eccee33:0xacfda433ec4afb93!8m2!3d49.4520222!4d11.0814178!16s%2Fg%2F1tgfcc3l!19sChIJM-7MPqRXn0cRk_tK7DOk_aw?authuser=0&hl=de&rclk=1
210,Quo Vadis,90491,"Elbinger Str. 28, 90491 Nürnberg",4.7,744,6–10,6,10,8,1.06,4.661,Sechs bis zehn Bewertungen aufgrund von Beschwerden wegen Diffamierung entfernt.,https://www.google.com/maps/place/Quo+Vadis/data=!4m7!3m6!1s0x479f57eb79927d9b:0x7f032ccd496670b3!8m2!3d49.4666964!4d11.1020906!16s%2Fg%2F1w97td3f!19sChIJm32SeetXn0cRs3BmSc0sA38?authuser=0&hl=de&rclk=1
211,Friseur El-Classico,90403,"Innere Laufer G. 18, 90403 Nürnberg",4.9,717,6–10,6,10,8,1.1,4.857,Sechs bis zehn Bewertungen aufgrund von Beschwerden wegen Diffamierung entfernt.,https://www.google.com/maps/place/Friseur+El-Classico/data=!4m7!3m6!1s0x479f57a02ca32d2f:0xe5096b10093287c6!8m2!3d49.4556721!4d11.0824041!16s%2Fg%2F11byl1wbz6!19sChIJLy2jLKBXn0cRxocyCRBrCeU?authuser=0&hl=de&rclk=1
212,Chiba 小食光,90402,"Lorenzer Str. 25, 90402 Nürnberg",4.6,704,6–10,6,10,8,1.12,4.56,Sechs bis zehn Bewertungen aufgrund von Beschwerden wegen Diffamierung entfernt.,https://www.google.com/maps/place/Chiba+%E5%B0%8F%E9%A3%9F%E5%85%89/data=!4m7!3m6!1s0x479f57f3861d9947:0x5001ba57398cf7cf!8m2!3d49.4501658!4d11.0821255!16s%2Fg%2F11jhx1zbcz!19sChIJR5kdhvNXn0cRz_eMOVe6AVA?authuser=0&hl=de&rclk=1
213,Altes Spital Historisches Restaurant,90547,"Alter Kirchpl. 4, 90547 Stein",4.8,695,6–10,6,10,8,1.14,4.757,Sechs bis zehn Bewertungen aufgrund von Beschwerden wegen Diffamierung entfernt.,https://www.google.com/maps/place/Altes+Spital+Historisches+Restaurant/data=!4m7!3m6!1s0x479f56b42df869af:0xdc52ecebf352b938!8m2!3d49.4152722!4d11.0176703!16s%2Fg%2F1tf9rtqz!19sChIJr2n4LbRWn0cROLlS8-vsUtw?authuser=0&hl=de&rclk=1
214,Parkhaus Adlerstraße GmbH - Ihr Parkhaus in Nürnberg,90403,"Adlerstraße 4-8, 90403 Nürnberg",4.5,660,6–10,6,10,8,1.2,4.458,Sechs bis zehn Bewertungen aufgrund von Beschwerden wegen Diffamierung entfernt.,https://www.google.com/maps/place/Parkhaus+Adlerstra%C3%9Fe+GmbH+-+Ihr+Parkhaus+in+N%C3%BCrnberg/data=!4m7!3m6!1s0x479f57a5fabc3e89:0x388b1fe8b22d3761!8m2!3d49.451939!4d11.0769912!16s%2Fg%2F1vl9qh3c!19sChIJiT68-qVXn0cRYTctsugfizg?authuser=0&hl=de&rclk=1
215,Hotel am Jakobsmarkt Nürnberg,90402,"Schottengasse 5, 90402 Nürnberg",4.4,650,6–10,6,10,8,1.22,4.359,Sechs bis zehn Bewertungen aufgrund von Beschwerden wegen Diffamierung entfernt.,https://www.google.com/maps/place/Hotel+am+Jakobsmarkt+N%C3%BCrnberg/data=!4m7!3m6!1s0x479f57a9b90707f5:0x851e3a92dab28c1a!8m2!3d49.4483249!4d11.0703377!16s%2Fg%2F1vd3tswv!19sChIJ9QcHualXn0cRGoyy2pI6HoU?authuser=0&hl=de&rclk=1
216,Würzhaus Restaurant Nürnberg,90419,"Kirchenweg 3A, 90419 Nürnberg",4.8,632,6–10,6,10,8,1.25,4.752,Sechs bis zehn Bewertungen aufgrund von Beschwerden wegen Diffamierung entfernt.,https://www.google.com/maps/place/W%C3%BCrzhaus+Restaurant+N%C3%BCrnberg/data=!4m7!3m6!1s0x479f57b37dee712d:0x6f8c6215535e54b6!8m2!3d49.4622889!4d11.0699221!16s%2Fg%2F1tf_m975!19sChIJLXHufbNXn0cRtlReUxVijG8?authuser=0&hl=de&rclk=1
217,SAIGON 2,90459,"Galvanistraße 19, 90459 Nürnberg",4.5,627,6–10,6,10,8,1.26,4.456,Sechs bis zehn Bewertungen aufgrund von Beschwerden wegen Diffamierung entfernt.,https://www.google.com/maps/place/SAIGON+2/data=!4m7!3m6!1s0x479f5708df25c2a9:0x9977d46d6088236f!8m2!3d49.4331552!4d11.0812158!16s%2Fg%2F11b6tcy4zw!19sChIJqcIl3whXn0cRbyOIYG3Ud5k?authuser=0&hl=de&rclk=1
218,Chickenz Fried Chicken,90443,"Am Plärrer 19-21, 90443 Nürnberg",4.8,614,6–10,6,10,8,1.29,4.751,Sechs bis zehn Bewertungen aufgrund von Beschwerden wegen Diffamierung entfernt.,https://www.google.com/maps/place/Chickenz+Fried+Chicken/data=!4m7!3m6!1s0x479f5798c458a34b:0xf3b9903e26a813f4!8m2!3d49.4474088!4d11.06594!16s%2Fg%2F11v0bxyjns!19sChIJS6NYxJhXn0cR9BOoJj6QufM?authuser=0&hl=de&rclk=1
219,Cigköftem Nürnberg Plärrer,90443,"Gostenhofer Hauptstraße 31, 90443 Nürnberg",5,608,6–10,6,10,8,1.3,4.948,Sechs bis zehn Bewertungen aufgrund von Beschwerden wegen Diffamierung entfernt.,https://www.google.com/maps/place/Cigk%C3%B6ftem+N%C3%BCrnberg+Pl%C3%A4rrer/data=!4m7!3m6!1s0x479f57d3bbb9a913:0x8ea9668645f01672!8m2!3d49.4467888!4d11.0646648!16s%2Fg%2F11fkdt4q1x!19sChIJE6m5u9NXn0cRchbwRYZmqY4?authuser=0&hl=de&rclk=1
220,Barber Style Nürnberg,90402,"Königstraße 73, 90402 Nürnberg",5,570,6–10,6,10,8,1.38,4.945,Sechs bis zehn Bewertungen aufgrund von Beschwerden wegen Diffamierung entfernt.,https://www.google.com/maps/place/Barber+Style+N%C3%BCrnberg/data=!4m7!3m6!1s0x479f577dba3fe8fb:0xf35014ab621cb12b!8m2!3d49.4485062!4d11.0805421!16s%2Fg%2F11qpm1nc2q!19sChIJ--g_un1Xn0cRK7EcYqsUUPM?authuser=0&hl=de&rclk=1
221,JET Tankstelle,90439,"Gustav-Adolf-Straße 139, 90439 Nürnberg",4.3,569,6–10,6,10,8,1.39,4.254,Sechs bis zehn Bewertungen aufgrund von Beschwerden wegen Diffamierung entfernt.,https://www.google.com/maps/place/JET+Tankstelle/data=!4m7!3m6!1s0x479f56e7bd8b46a3:0xcd9ed620ddf5126a!8m2!3d49.4302!4d11.0433!16s%2Fg%2F1tkbx6px!19sChIJo0aLvedWn0cRahL13SDWns0?authuser=0&hl=de&rclk=1
222,SUNDAYS,90409,"Pirckheimerstraße 112, 90409 Nürnberg",4.5,556,6–10,6,10,8,1.42,4.45,Sechs bis zehn Bewertungen aufgrund von Beschwerden wegen Diffamierung entfernt.,https://www.google.com/maps/place/SUNDAYS/data=!4m7!3m6!1s0x479f5789ebd8b241:0x1dff812bc932b068!8m2!3d49.4612712!4d11.0889837!16s%2Fg%2F11smvjbrp5!19sChIJQbLY64lXn0cRaLAyySuB_x0?authuser=0&hl=de&rclk=1
223,Eiscafé Pizzeria Fantasia,90471,"Euckenweg 25, 90471 Nürnberg",4.5,545,6–10,6,10,8,1.45,4.449,Sechs bis zehn Bewertungen aufgrund von Beschwerden wegen Diffamierung entfernt.,https://www.google.com/maps/place/Eiscaf%C3%A9+Pizzeria+Fantasia/data=!4m7!3m6!1s0x479f59edacf38503:0x25888812510f27d2!8m2!3d49.4132287!4d11.1251514!16s%2Fg%2F11b6_hc9qc!19sChIJA4XzrO1Zn0cR0icPURKIiCU?authuser=0&hl=de&rclk=1
224,Bit Stop Burger,90489,"Sulzbacher Str. 76, 90489 Nürnberg",4.6,536,6–10,6,10,8,1.47,4.547,Sechs bis zehn Bewertungen aufgrund von Beschwerden wegen Diffamierung entfernt.,https://www.google.com/maps/place/Bit+Stop+Burger/data=!4m7!3m6!1s0x479f5796a8b728eb:0xa6c0fb4c7b64c4ac!8m2!3d49.459235!4d11.0991102!16s%2Fg%2F11lmlwmsk0!19sChIJ6yi3qJZXn0cRrMRke0z7wKY?authuser=0&hl=de&rclk=1
225,Café in der 12 - Nürnberg,90402,"Königstraße 82, 90402 Nürnberg",4.7,500,6–10,6,10,8,1.57,4.642,Sechs bis zehn Bewertungen aufgrund von Beschwerden wegen Diffamierung entfernt.,https://www.google.com/maps/place/Caf%C3%A9+in+der+12+-+N%C3%BCrnberg/data=!4m7!3m6!1s0x479f573c3c295a59:0xeb91b39d07d3b792!8m2!3d49.4474142!4d11.0809088!16s%2Fg%2F11g4gqmzll!19sChIJWVopPDxXn0cRkrfTB52zkes?authuser=0&hl=de&rclk=1
226,SAIGON 1,90482,"Laufamholzstraße 163, 90482 Nürnberg",4.4,406,6–10,6,10,8,1.93,4.334,Sechs bis zehn Bewertungen aufgrund von Beschwerden wegen Diffamierung entfernt.,https://www.google.com/maps/place/SAIGON+1/data=!4m7!3m6!1s0x479f586ca40203c1:0x1dce7b31b11d123d!8m2!3d49.4650906!4d11.1510602!16s%2Fg%2F1tfqkct9!19sChIJwQMCpGxYn0cRPRIdsTF7zh0?authuser=0&hl=de&rclk=1
227,Behringers City Hotel Nürnberg,90489,"Äußere Sulzbacher Str. 1-3, 90489 Nürnberg",4.2,365,6–10,6,10,8,2.14,4.131,Sechs bis zehn Bewertungen aufgrund von Beschwerden wegen Diffamierung entfernt.,https://www.google.com/maps/place/Behringers+City+Hotel+N%C3%BCrnberg/data=!4m10!3m9!1s0x479f5792334dc8a7:0x3a8d47bd3fc7f1c6!5m2!4m1!1i2!8m2!3d49.4600007!4d11.1036081!16s%2Fg%2F11cm_j7df0!19sChIJp8hNM5JXn0cRxvHHP71HjTo?authuser=0&hl=de&rclk=1
228,EASYFITNESS Stein,90547,"Forum 1, 90547 Stein",4.9,361,6–10,6,10,8,2.17,4.815,Sechs bis zehn Bewertungen aufgrund von Beschwerden wegen Diffamierung entfernt.,https://www.google.com/maps/place/EASYFITNESS+Stein/data=!4m7!3m6!1s0x479f5700f49da583:0x7da1d180c74f0cd8!8m2!3d49.4115756!4d11.0116161!16s%2Fg%2F11wx736yvp!19sChIJg6Wd9ABXn0cR2AxPx4DRoX0?authuser=0&hl=de&rclk=1
229,Cafe Zanetta,90763,"Neumannstraße 28, 90763 Fürth",4.6,358,6–10,6,10,8,2.19,4.521,Sechs bis zehn Bewertungen aufgrund von Beschwerden wegen Diffamierung entfernt.,https://www.google.com/maps/place/Cafe+Zanetta/data=!4m7!3m6!1s0x479f554223358c57:0x439a5643bf36175b!8m2!3d49.4610521!4d10.9846624!16s%2Fg%2F11tc6pyw_b!19sChIJV4w1I0JVn0cRWxc2v0NWmkM?authuser=0&hl=de&rclk=1
230,SUNDAYS,90429,"Dilherrstraße 1, 90429 Nürnberg",4.5,348,6–10,6,10,8,2.25,4.421,Sechs bis zehn Bewertungen aufgrund von Beschwerden wegen Diffamierung entfernt.,https://www.google.com/maps/place/SUNDAYS/data=!4m7!3m6!1s0x479f5712a2bb215d:0xbfff4b58c395f664!8m2!3d49.4511246!4d11.0586334!16s%2Fg%2F11vl32g0gb!19sChIJXSG7ohJXn0cRZPaVw1hL_78?authuser=0&hl=de&rclk=1
231,Do Ichi Sushi,90762,"Königstraße 132, 90762 Fürth",4.7,341,6–10,6,10,8,2.29,4.615,Sechs bis zehn Bewertungen aufgrund von Beschwerden wegen Diffamierung entfernt.,https://www.google.com/maps/place/Do+Ichi+Sushi/data=!4m7!3m6!1s0x479f55c0462c7fe1:0x3a08572fcdc6c352!8m2!3d49.4734956!4d10.9926679!16s%2Fg%2F11b7q0h1mm!19sChIJ4X8sRsBVn0cRUsPGzS9XCDo?authuser=0&hl=de&rclk=1
232,Metzgerei Freyberger KG,90461,"Sperberstraße 99, 90461 Nürnberg",4.9,332,6–10,6,10,8,2.35,4.808,Sechs bis zehn Bewertungen aufgrund von Beschwerden wegen Diffamierung entfernt.,https://www.google.com/maps/place/Metzgerei+Freyberger+KG/data=!4m7!3m6!1s0x479f576ef6aeba9b:0xc269c1d170d032aa!8m2!3d49.4316727!4d11.0909506!16s%2Fg%2F1tjz2c6f!19sChIJm7qu9m5Xn0cRqjLQcNHBacI?authuser=0&hl=de&rclk=1
233,Eiscafé Sirena,90402,"Königstraße 6, 90402 Nürnberg",4.7,323,6–10,6,10,8,2.42,4.611,Sechs bis zehn Bewertungen aufgrund von Beschwerden wegen Diffamierung entfernt.,https://www.google.com/maps/place/Eiscaf%C3%A9+Sirena/data=!4m7!3m6!1s0x479f57a5f01db1e3:0x715cf9ca1a217265!8m2!3d49.4520634!4d11.0775165!16s%2Fg%2F1tcw753j!19sChIJ47Ed8KVXn0cRZXIhGsr5XHE?authuser=0&hl=de&rclk=1
234,Friseur City Style,90443,"Gibitzenhofstraße 19, 90443 Nürnberg",5,320,6–10,6,10,8,2.44,4.902,Sechs bis zehn Bewertungen aufgrund von Beschwerden wegen Diffamierung entfernt.,https://www.google.com/maps/place/Friseur+City+Style/data=!4m7!3m6!1s0x479f570439b1c8d1:0x2476416dadeb3e48!8m2!3d49.4408946!4d11.0678351!16s%2Fg%2F1xgz9sq9!19sChIJ0cixOQRXn0cRSD7rrW1BdiQ?authuser=0&hl=de&rclk=1
235,Ästhetik-Team Nürnberg GmbH,90425,"Kilianstraße 117a, 90425 Nürnberg",4.9,306,6–10,6,10,8,2.55,4.801,Sechs bis zehn Bewertungen aufgrund von Beschwerden wegen Diffamierung entfernt.,https://www.google.com/maps/place/%C3%84sthetik-Team+N%C3%BCrnberg+GmbH/data=!4m7!3m6!1s0x479f542c4a8381a3:0x13977618b573564b!8m2!3d49.4742045!4d11.0739486!16s%2Fg%2F1vp72s7p!19sChIJo4GDSixUn0cRS1ZztRh2lxM?authuser=0&hl=de&rclk=1
236,Café Ginkgo - Poké Bowl,90489,"Martin-Richter-Straße 14, 90489 Nürnberg",5,300,6–10,6,10,8,2.6,4.896,Sechs bis zehn Bewertungen aufgrund von Beschwerden wegen Diffamierung entfernt.,https://www.google.com/maps/place/Caf%C3%A9+Ginkgo+-+Pok%C3%A9+Bowl/data=!4m7!3m6!1s0x479f5722a9df1955:0xc010ff75d9f7acc0!8m2!3d49.4616527!4d11.0946272!16s%2Fg%2F11vbtngfdf!19sChIJVRnfqSJXn0cRwKz32XX_EMA?authuser=0&hl=de&rclk=1
237,Döppi Restaurant,90459,"Kopernikusstraße 6, 90459 Nürnberg",4.8,291,6–10,6,10,8,2.68,4.698,Sechs bis zehn Bewertungen aufgrund von Beschwerden wegen Diffamierung entfernt.,https://www.google.com/maps/place/D%C3%B6ppi+Restaurant/data=!4m7!3m6!1s0x479f574e9f036cc1:0x848dcd06c618eda5!8m2!3d49.4382996!4d11.0828342!16s%2Fg%2F11ylf34cv8!19sChIJwWwDn05Xn0cRpe0YxgbNjYQ?authuser=0&hl=de&rclk=1
238,ODAY Hair and More - Friseur Nürnberg,90402,"Dr.-Kurt-Schumacher-Straße 19, 90402 Nürnberg",4.9,287,6–10,6,10,8,2.71,4.794,Sechs bis zehn Bewertungen aufgrund von Beschwerden wegen Diffamierung entfernt.,https://www.google.com/maps/place/ODAY+Hair+and+More+-+Friseur+N%C3%BCrnberg/data=!4m7!3m6!1s0x479f5735bed661d1:0xf1b63b2b677e41e3!8m2!3d49.4494925!4d11.0714723!16s%2Fg%2F11vry3gyn2!19sChIJ0WHWvjVXn0cR40F-Zys7tvE?authuser=0&hl=de&rclk=1
239,"Altes Forsthaus Fürth Eventlocation, Restaurant, Biergarten, Hochzeiten, Geburtstage, Taufen in Fürth, Nürnberg, Erlangen",90766,"Cadolzburger Str. 75, 90766 Fürth",4.9,268,6–10,6,10,8,2.9,4.787,Sechs bis zehn Bewertungen aufgrund von Beschwerden wegen Diffamierung entfernt.,"https://www.google.com/maps/place/Altes+Forsthaus+F%C3%BCrth+Eventlocation,+Restaurant,+Biergarten,+Hochzeiten,+Geburtstage,+Taufen+in+F%C3%BCrth,+N%C3%BCrnberg,+Erlangen/data=!4m7!3m6!1s0x479f55a27b2704ed:0x1d4bded81b062e6!8m2!3d49.4762124!4d10.9739179!16s%2Fg%2F1x6q0rsc!19sChIJ7QQne6JVn0cR5mKwge291AE?authuser=0&hl=de&rclk=1"
240,KozHair | Friseur in Nürnberg,90439,"Gustav-Adolf-Straße 27, 90439 Nürnberg",4.9,257,6–10,6,10,8,3.02,4.782,Sechs bis zehn Bewertungen aufgrund von Beschwerden wegen Diffamierung entfernt.,https://www.google.com/maps/place/KozHair+%7C+Friseur+in+N%C3%BCrnberg/data=!4m7!3m6!1s0x479f57bf64f98aa7:0xb2700f00434ffe1b!8m2!3d49.436876!4d11.0383394!16s%2Fg%2F11h1hv9614!19sChIJp4r5ZL9Xn0cRG_5PQwAPcLI?authuser=0&hl=de&rclk=1
241,Hotel Central City Hbf Nürnberg,90459,"Comeniusstraße 1, 90459 Nürnberg",4.6,223,6–10,6,10,8,3.46,4.475,Sechs bis zehn Bewertungen aufgrund von Beschwerden wegen Diffamierung entfernt.,https://www.google.com/maps/place/Hotel+Central+City+Hbf+N%C3%BCrnberg/data=!4m10!3m9!1s0x479f5742c29b5919:0xc924392076f36d71!5m2!4m1!1i2!8m2!3d49.4433364!4d11.0823374!16s%2Fg%2F11p67jmt7z!19sChIJGVmbwkJXn0cRcW3zdiA5JMk?authuser=0&hl=de&rclk=1
242,Ringhotel Reubel,90513,"Banderbacher Str. 27, 90513 Zirndorf",4.6,223,6–10,6,10,8,3.46,4.475,Sechs bis zehn Bewertungen aufgrund von Beschwerden wegen Diffamierung entfernt.,https://www.google.com/maps/place/Ringhotel+Reubel/data=!4m10!3m9!1s0x479f54f5ee4b0e0f:0x86cc82379fd5b544!5m2!4m1!1i2!8m2!3d49.4422009!4d10.9500167!16s%2Fg%2F1thg9fxw!19sChIJDw5L7vVUn0cRRLXVnzeCzIY?authuser=0&hl=de&rclk=1
243,Dilek und Friseure,90402,"Brunnengasse 15, 90402 Nürnberg",4.7,197,6–10,6,10,8,3.9,4.556,Sechs bis zehn Bewertungen aufgrund von Beschwerden wegen Diffamierung entfernt.,https://www.google.com/maps/place/Dilek+und+Friseure/data=!4m7!3m6!1s0x479f57a619280005:0x5177c983d59c9d7d!8m2!3d49.450282!4d11.076413!16s%2Fg%2F11ckvwdp2w!19sChIJBQAoGaZXn0cRfZ2c1YPJd1E?authuser=0&hl=de&rclk=1
244,Hype Cafe,90402,"Hefnerspl. 1, 90402 Nürnberg",4.7,176,6–10,6,10,8,4.35,4.539,Sechs bis zehn Bewertungen aufgrund von Beschwerden wegen Diffamierung entfernt.,https://www.google.com/maps/place/Hype+Cafe/data=!4m7!3m6!1s0x479f5763c441a933:0xc1f27598556f5117!8m2!3d49.450641!4d11.072947!16s%2Fg%2F11w3bwjr38!19sChIJM6lBxGNXn0cRF1FvVZh18sE?authuser=0&hl=de&rclk=1
245,Yahiro Sushi Restaurant,90482,"Ostendstraße 229-231, 90482 Nürnberg",4.1,157,6–10,6,10,8,4.85,3.95,Sechs bis zehn Bewertungen aufgrund von Beschwerden wegen Diffamierung entfernt.,https://www.google.com/maps/place/Yahiro+Sushi+Restaurant/data=!4m7!3m6!1s0x479f59dc54825277:0x669907dbc834275f!8m2!3d49.4603154!4d11.1317646!16s%2Fg%2F11pz4nfg8m!19sChIJd1KCVNxZn0cRXyc0yNsHmWY?authuser=0&hl=de&rclk=1
246,Hundeschule Gehorsamer Hund,90409,"Füchtbauerstraße 5, 90409 Nürnberg",5,152,6–10,6,10,8,5,4.8,Sechs bis zehn Bewertungen aufgrund von Beschwerden wegen Diffamierung entfernt.,https://www.google.com/maps/place/Hundeschule+Gehorsamer+Hund/data=!4m7!3m6!1s0x479f57c66d90560f:0x975788814539ac98!8m2!3d49.470423!4d11.085906!16s%2Fg%2F11_xz8yv4!19sChIJD1aQbcZXn0cRmKw5RYGIV5c?authuser=0&hl=de&rclk=1
247,Grünes Zentrum Krottenbach Baumschule & Gartencenter,90453,"Höllwiesenstraße 59, 90453 Nürnberg",4.8,151,6–10,6,10,8,5.03,4.609,Sechs bis zehn Bewertungen aufgrund von Beschwerden wegen Diffamierung entfernt.,https://www.google.com/maps/place/Gr%C3%BCnes+Zentrum+Krottenbach+Baumschule+%26+Gartencenter/data=!4m7!3m6!1s0x479f511187992593:0x20ab8f04f7e352df!8m2!3d49.3823241!4d11.0152874!16s%2Fg%2F1thp_q7h!19sChIJkyWZhxFRn0cR31Lj9wSPqyA?authuser=0&hl=de&rclk=1
248,Apotheke im Forum,90762,"Bahnhofpl. 6, 90762 Fürth",4.6,144,6–10,6,10,8,5.26,4.411,Sechs bis zehn Bewertungen aufgrund von Beschwerden wegen Diffamierung entfernt.,https://www.google.com/maps/place/Apotheke+im+Forum/data=!4m7!3m6!1s0x479f55c0d3f1e2d5:0x5ebb36cbbe21996d!8m2!3d49.470764!4d10.9922591!16s%2Fg%2F1ptwl38fq!19sChIJ1eLx08BVn0cRbZkhvss2u14?authuser=0&hl=de&rclk=1
249,Pizza Pasta 0911,90419,"Sandrartstraße 53, 90419 Nürnberg",4.5,141,6–10,6,10,8,5.37,4.312,Sechs bis zehn Bewertungen aufgrund von Beschwerden wegen Diffamierung entfernt.,https://www.google.com/maps/place/Pizza+Pasta+0911/data=!4m7!3m6!1s0x479f5700312267e3:0xe28abed8336e09cc!8m2!3d49.4606199!4d11.0620395!16s%2Fg%2F11vzg9w1yq!19sChIJ42ciMQBXn0cRzAluM9i-iuI?authuser=0&hl=de&rclk=1
250,PIZZAPIRATEN,90482,"Ostendstraße 83, 90482 Nürnberg",4.8,139,6–10,6,10,8,5.44,4.593,Sechs bis zehn Bewertungen aufgrund von Beschwerden wegen Diffamierung entfernt.,https://www.google.com/maps/place/PIZZAPIRATEN/data=!4m7!3m6!1s0x479f575398207237:0xd5e1ea50bfcd7ed6!8m2!3d49.454413!4d11.114467!16s%2Fg%2F11s93k1wp6!19sChIJN3IgmFNXn0cR1n7Nv1Dq4dU?authuser=0&hl=de&rclk=1
251,WHY NOT hairgroup,90403,"Obstmarkt 12, 90403 Nürnberg",4.8,137,6–10,6,10,8,5.52,4.59,Sechs bis zehn Bewertungen aufgrund von Beschwerden wegen Diffamierung entfernt.,https://www.google.com/maps/place/WHY+NOT+hairgroup/data=!4m7!3m6!1s0x479f57a571f936df:0x61e89de3c147bf4!8m2!3d49.4545183!4d11.078821!16s%2Fg%2F1tgprm4v!19sChIJ3zb5caVXn0cR9HsUPN6JHgY?authuser=0&hl=de&rclk=1
252,cia‘s,90403,"Josephspl. 1, 90403 Nürnberg",4.7,133,6–10,6,10,8,5.67,4.49,Sechs bis zehn Bewertungen aufgrund von Beschwerden wegen Diffamierung entfernt.,https://www.google.com/maps/place/cia%E2%80%98s/data=!4m7!3m6!1s0x479f57003d8a7ed3:0x7ed8253edb57d276!8m2!3d49.4518032!4d11.0743944!16s%2Fg%2F11xkxjv0br!19sChIJ036KPQBXn0cRdtJX2z4l2H4?authuser=0&hl=de&rclk=1
253,New york- friseur salon - Nürnberg,90461,"Allersberger Str. 66, 90461 Nürnberg",4.6,131,6–10,6,10,8,5.76,4.393,Sechs bis zehn Bewertungen aufgrund von Beschwerden wegen Diffamierung entfernt.,https://www.google.com/maps/place/New+york-+friseur+salon+-+N%C3%BCrnberg/data=!4m7!3m6!1s0x479f57e97a322439:0x47b8a38385671f10!8m2!3d49.4419429!4d11.0892591!16s%2Fg%2F11jny8p9ky!19sChIJOSQyeulXn0cREB9nhYOjuEc?authuser=0&hl=de&rclk=1
254,Königs Apotheke Wolfgang Schleier e.K.,90475,"Löwenberger Str. 16, 90475 Nürnberg",4.5,126,6–10,6,10,8,5.97,4.291,Sechs bis zehn Bewertungen aufgrund von Beschwerden wegen Diffamierung entfernt.,https://www.google.com/maps/place/K%C3%B6nigs+Apotheke+Wolfgang+Schleier+e.K./data=!4m7!3m6!1s0x479f596e29369407:0x743ad0121e71d909!8m2!3d49.4095172!4d11.1687028!16s%2Fg%2F1th55_3q!19sChIJB5Q2KW5Zn0cRCdlxHhLQOnQ?authuser=0&hl=de&rclk=1
255,Top Salon - Nürnberg,90402,"Färberstraße 54, 90402 Nürnberg",4.9,119,6–10,6,10,8,6.3,4.654,Sechs bis zehn Bewertungen aufgrund von Beschwerden wegen Diffamierung entfernt.,https://www.google.com/maps/place/Top+Salon+-+N%C3%BCrnberg/data=!4m7!3m6!1s0x479f57a835434d4d:0xfba938ebd99d6f67!8m2!3d49.4479261!4d11.0717582!16s%2Fg%2F11bz0c8s2p!19sChIJTU1DNahXn0cRZ2-d2es4qfs?authuser=0&hl=de&rclk=1
256,Mohren-Apotheke Südstadt,90459,"Wölckernstraße 1, 90459 Nürnberg",4.7,117,6–10,6,10,8,6.4,4.463,Sechs bis zehn Bewertungen aufgrund von Beschwerden wegen Diffamierung entfernt.,https://www.google.com/maps/place/Mohren-Apotheke+S%C3%BCdstadt/data=!4m7!3m6!1s0x479f570c0ccc9f9d:0xa2180676c9317463!8m2!3d49.440392!4d11.0805066!16s%2Fg%2F1tfm0g37!19sChIJnZ_MDAxXn0cRY3QxyXYGGKI?authuser=0&hl=de&rclk=1
257,Fahrschule Kergl,90451,"Eibacher Hauptstraße 66, 90451 Nürnberg",5,112,6–10,6,10,8,6.67,4.733,Sechs bis zehn Bewertungen aufgrund von Beschwerden wegen Diffamierung entfernt.,https://www.google.com/maps/place/Fahrschule+Kergl/data=!4m7!3m6!1s0x479f512162dbe37b:0x91a8f2cf24e121a9!8m2!3d49.4027639!4d11.0347544!16s%2Fg%2F1hc4kg7m5!19sChIJe-PbYiFRn0cRqSHhJM_yqJE?authuser=0&hl=de&rclk=1
258,Jungwagenmix GmbH,90469,"Zollhausstraße 18, 90469 Nürnberg",4.7,112,6–10,6,10,8,6.67,4.453,Sechs bis zehn Bewertungen aufgrund von Beschwerden wegen Diffamierung entfernt.,https://www.google.com/maps/place/Jungwagenmix+GmbH/data=!4m7!3m6!1s0x479f59f612cfd9c9:0x225e0efa787a2958!8m2!3d49.4022093!4d11.1173621!16s%2Fg%2F1v44czdc!19sChIJydnPEvZZn0cRWCl6ePoOXiI?authuser=0&hl=de&rclk=1
259,Herz Apotheke im Kaufland,90441,"Kaufland Nürnberg-Gibitzenhof, Dianastraße 25, 90441 Nürnberg",4.8,108,6–10,6,10,8,6.9,4.538,Sechs bis zehn Bewertungen aufgrund von Beschwerden wegen Diffamierung entfernt.,https://www.google.com/maps/place/Herz+Apotheke+im+Kaufland/data=!4m7!3m6!1s0x479f5718184c71c1:0x4040e535a822a92f!8m2!3d49.427266!4d11.0663265!16s%2Fg%2F1tfdcg3m!19sChIJwXFMGBhXn0cRL6kiqDXlQEA?authuser=0&hl=de&rclk=1
260,AS PHYSIO | Physiotherapie • Manuelle Therapie • Medizinische …,90489,"Äußere Sulzbacher Str. 5, 90489 Nürnberg",4.9,105,6–10,6,10,8,7.08,4.624,Sechs bis zehn Bewertungen aufgrund von Beschwerden wegen Diffamierung entfernt.,https://www.google.com/maps/place/AS+PHYSIO+%7C+Physiotherapie+%E2%80%A2+Manuelle+Therapie+%E2%80%A2+Medizinische+%E2%80%A6/data=!4m7!3m6!1s0x479f5793719a0947:0x329fd0fde10c9c70!8m2!3d49.4600302!4d11.1038192!16s%2Fg%2F11c1v46q64!19sChIJRwmacZNXn0cRcJwM4f3QnzI?authuser=0&hl=de&rclk=1
261,"Vitae Center – Spa & Beauty in Nürnberg, wir sprechen Deutsch, Englisch, Griechisch und Russisch",90402,"Schlotfegergasse 26-30, 90402 Nürnberg",5,105,6–10,6,10,8,7.08,4.717,Sechs bis zehn Bewertungen aufgrund von Beschwerden wegen Diffamierung entfernt.,"https://www.google.com/maps/place/Vitae+Center+%E2%80%93+Spa+%26+Beauty+in+N%C3%BCrnberg,+wir+sprechen+Deutsch,+Englisch,+Griechisch+und+Russisch/data=!4m7!3m6!1s0x479f574ec652dfab:0xeb9e439e11c9f3d8!8m2!3d49.4503953!4d11.0675097!16s%2Fg%2F11h_xgmhzh!19sChIJq99Sxk5Xn0cR2PPJEZ5Dnus?authuser=0&hl=de&rclk=1"
262,Bäckerei Drexler,90475,"Fischbacher Hauptstraße 187, 90475 Nürnberg",4.8,85,6–10,6,10,8,8.6,4.473,Sechs bis zehn Bewertungen aufgrund von Beschwerden wegen Diffamierung entfernt.,https://www.google.com/maps/place/B%C3%A4ckerei+Drexler/data=!4m7!3m6!1s0x479f593bf6040b3f:0xace185c5518df9d5!8m2!3d49.420462!4d11.193075!16s%2Fg%2F1tdvcl3g!19sChIJPwsE9jtZn0cR1fmNUcWF4aw?authuser=0&hl=de&rclk=1
263,fitnesspoint Lady Nürnberg,90459,"Wölckernstraße 10, 90459 Nürnberg",4.8,84,6–10,6,10,8,8.7,4.47,Sechs bis zehn Bewertungen aufgrund von Beschwerden wegen Diffamierung entfernt.,https://www.google.com/maps/place/fitnesspoint+Lady+N%C3%BCrnberg/data=!4m7!3m6!1s0x479f570c7a62970f:0x84d8a9be570dc42c!8m2!3d49.4401663!4d11.0813263!16s%2Fg%2F1th0xbng!19sChIJD5diegxXn0cRLMQNV76p2IQ?authuser=0&hl=de&rclk=1
264,"Riedel & Pfeuffer GmbH Haus der Gesundheit, Reha-Team Nürnberg GmbH",90471,"Tucholskystraße 2, 90471 Nürnberg",4.7,81,6–10,6,10,8,8.99,4.367,Sechs bis zehn Bewertungen aufgrund von Beschwerden wegen Diffamierung entfernt.,"https://www.google.com/maps/place/Riedel+%26+Pfeuffer+GmbH+Haus+der+Gesundheit,+Reha-Team+N%C3%BCrnberg+GmbH/data=!4m7!3m6!1s0x479f5993e389005f:0x16e18b0092d02b00!8m2!3d49.4139579!4d11.1355226!16s%2Fg%2F1vb9c16l!19sChIJXwCJ45NZn0cRACvQkgCL4RY?authuser=0&hl=de&rclk=1"
265,MEDICON Apotheke Wallensteinstraße,90439,"Wallensteinstraße 28, 90439 Nürnberg",4.2,80,6–10,6,10,8,9.09,3.909,Sechs bis zehn Bewertungen aufgrund von Beschwerden wegen Diffamierung entfernt.,https://www.google.com/maps/place/MEDICON+Apotheke+Wallensteinstra%C3%9Fe/data=!4m7!3m6!1s0x479f56edf97af737:0x551422521b0a4cb0!8m2!3d49.439488!4d11.0367236!16s%2Fg%2F1tr9mf0z!19sChIJN_d6-e1Wn0cRsEwKG1IiFFU?authuser=0&hl=de&rclk=1
266,Gazi Döner,90471,"Wettersteinstraße 27, 90471 Nürnberg",4.3,78,6–10,6,10,8,9.3,3.993,Sechs bis zehn Bewertungen aufgrund von Beschwerden wegen Diffamierung entfernt.,https://www.google.com/maps/place/Gazi+D%C3%B6ner/data=!4m7!3m6!1s0x479f5921d5ab4cd1:0x40b56c73d2bb48d3!8m2!3d49.4110177!4d11.1198515!16s%2Fg%2F11ryz7wdtq!19sChIJ0Uyr1SFZn0cR00i70nNstUA?authuser=0&hl=de&rclk=1
267,BRÜTZEL - Döner geht immer,90429,"Am Plärrer 20, 90429 Nürnberg",4.5,74,6–10,6,10,8,9.76,4.159,Sechs bis zehn Bewertungen aufgrund von Beschwerden wegen Diffamierung entfernt.,https://www.google.com/maps/place/BR%C3%9CTZEL+-+D%C3%B6ner+geht+immer/data=!4m7!3m6!1s0x479f57e2a7428cb1:0xa18971673965bbd0!8m2!3d49.4485689!4d11.0651635!16s%2Fg%2F11wy26f_w8!19sChIJsYxCp-JXn0cR0LtlOWdxiaE?authuser=0&hl=de&rclk=1
268,Center Apotheke,90473,"Glogauer Str. 30-38, 90473 Nürnberg",4.1,73,6–10,6,10,8,9.88,3.794,Sechs bis zehn Bewertungen aufgrund von Beschwerden wegen Diffamierung entfernt.,https://www.google.com/maps/place/Center+Apotheke/data=!4m7!3m6!1s0x479f59893a64255d:0x77f2a4d506c84441!8m2!3d49.4036572!4d11.1347061!16s%2Fg%2F1x5f9b_c!19sChIJXSVkOolZn0cRQUTIBtWk8nc?authuser=0&hl=de&rclk=1
269,holiday reisemobile,90451,"Eibacher Hauptstraße 47, 90451 Nürnberg",4.2,68,6–10,6,10,8,10.53,3.863,Sechs bis zehn Bewertungen aufgrund von Beschwerden wegen Diffamierung entfernt.,https://www.google.com/maps/place/holiday+reisemobile/data=!4m7!3m6!1s0x479f512c3af28835:0x579af83a3fb869e7!8m2!3d49.4043486!4d11.0352855!16s%2Fg%2F11gf5p9640!19sChIJNYjyOixRn0cR52m4Pzr4mlc?authuser=0&hl=de&rclk=1
270,Sanitätshaus Fuß-Fit-Forum Nürnberg-Innenstadt,90402,"Königstraße 87/2. Stock, 90402 Nürnberg",4.8,64,6–10,6,10,8,11.11,4.378,Sechs bis zehn Bewertungen aufgrund von Beschwerden wegen Diffamierung entfernt.,https://www.google.com/maps/place/Sanit%C3%A4tshaus+Fu%C3%9F-Fit-Forum+N%C3%BCrnberg-Innenstadt/data=!4m7!3m6!1s0x479f57a728589837:0x77d8d1fa827b890!8m2!3d49.4481558!4d11.0814396!16s%2Fg%2F11gbxftjp9!19sChIJN5hYKKdXn0cRkLgnqB-NfQc?authuser=0&hl=de&rclk=1
271,Pascha's Döner Kebab,90530,"Heinrich-Wich-Straße 5, 90530 Wendelstein",4.8,62,6–10,6,10,8,11.43,4.366,Sechs bis zehn Bewertungen aufgrund von Beschwerden wegen Diffamierung entfernt.,https://www.google.com/maps/place/Pascha%27s+D%C3%B6ner+Kebab/data=!4m7!3m6!1s0x479f5bdbf3b6fb07:0x784d0eb0d8a72fa3!8m2!3d49.349537!4d11.1031993!16s%2Fg%2F11g0spp_lh!19sChIJB_u289tbn0cRoy-n2LAOTXg?authuser=0&hl=de&rclk=1
272,Pizza Zulù UG,90402,"Lorenzer Str. 5, 90402 Nürnberg",4.5,60,6–10,6,10,8,11.76,4.088,Sechs bis zehn Bewertungen aufgrund von Beschwerden wegen Diffamierung entfernt.,https://www.google.com/maps/place/Pizza+Zul%C3%B9+UG/data=!4m7!3m6!1s0x479f578d8f7fc311:0x2b23409b355023f4!8m2!3d49.4504891!4d11.0810327!16s%2Fg%2F11yg5mfknn!19sChIJEcN_j41Xn0cR9CNQNZtAIys?authuser=0&hl=de&rclk=1
273,La Pasta Cosi am Dutzendteich,90478,"Herzogstraße 22, 90478 Nürnberg",4.8,56,6–10,6,10,8,12.5,4.325,Sechs bis zehn Bewertungen aufgrund von Beschwerden wegen Diffamierung entfernt.,https://www.google.com/maps/place/La+Pasta+Cosi+am+Dutzendteich/data=!4m7!3m6!1s0x479f59003f91d921:0x34ffbdeca0358ed4!8m2!3d49.4349093!4d11.1199388!16s%2Fg%2F11vytypfhq!19sChIJIdmRPwBZn0cR1I41oOy9_zQ?authuser=0&hl=de&rclk=1
274,Boardinghouse Wendelstein,90530,"Sorgwiesen 3, 90530 Wendelstein",3.1,53,6–10,6,10,8,13.11,2.825,Sechs bis zehn Bewertungen aufgrund von Beschwerden wegen Diffamierung entfernt.,https://www.google.com/maps/place/Boardinghouse+Wendelstein/data=!4m10!3m9!1s0x479f5b1a51cf9619:0x19732a6653ac50cd!5m2!4m1!1i2!8m2!3d49.34935!4d11.11937!16s%2Fg%2F11j016t190!19sChIJGZbPURpbn0cRzVCsU2Yqcxk?authuser=0&hl=de&rclk=1
275,Aesculap Apotheke,90763,"Waldstraße 36, 90763 Fürth",4,51,6–10,6,10,8,13.56,3.593,Sechs bis zehn Bewertungen aufgrund von Beschwerden wegen Diffamierung entfernt.,https://www.google.com/maps/place/Aesculap+Apotheke/data=!4m7!3m6!1s0x479f55d07472160f:0x875bada72fd6c01!8m2!3d49.4637367!4d11.0015817!16s%2Fg%2F1tfk_5tq!19sChIJDxZydNBVn0cRAWz9ctq6dQg?authuser=0&hl=de&rclk=1
276,Bäckerei Drexler,90471,"Hans-Fallada-Straße 48, 90471 Nürnberg",4.8,40,6–10,6,10,8,16.67,4.167,Sechs bis zehn Bewertungen aufgrund von Beschwerden wegen Diffamierung entfernt.,https://www.google.com/maps/place/B%C3%A4ckerei+Drexler/data=!4m7!3m6!1s0x479f599467ccbef5:0x5de3c70625f211da!8m2!3d49.4160838!4d11.1343082!16s%2Fg%2F11c6lhrccz!19sChIJ9b7MZ5RZn0cR2hHyJQbH410?authuser=0&hl=de&rclk=1
277,BAR POUPETTE,90402,"Johannesgasse 22, 90402 Nürnberg",4.8,38,6–10,6,10,8,17.39,4.139,Sechs bis zehn Bewertungen aufgrund von Beschwerden wegen Diffamierung entfernt.,https://www.google.com/maps/place/BAR+POUPETTE/data=!4m7!3m6!1s0x479f57d919170221:0xf7f019d2e4e5b698!8m2!3d49.4494781!4d11.0801666!16s%2Fg%2F11yrql4kb8!19sChIJIQIXGdlXn0cRmLbl5NIZ8Pc?authuser=0&hl=de&rclk=1
278,Fatos Imbiss,90459,"Gugelstraße 114, 90459 Nürnberg",4.7,37,6–10,6,10,8,17.78,4.042,Sechs bis zehn Bewertungen aufgrund von Beschwerden wegen Diffamierung entfernt.,https://www.google.com/maps/place/Fatos+Imbiss/data=!4m7!3m6!1s0x479f5713b13a27db:0x30d10b103b79ecbe!8m2!3d49.4328621!4d11.0780095!16s%2Fg%2F11j4sv45g0!19sChIJ2yc6sRNXn0cRvux5OxAL0TA?authuser=0&hl=de&rclk=1
279,Monteurunterkunft Ludwigskanal,90530,"Nürnberger Str. 15, 90530 Wendelstein",3.8,36,6–10,6,10,8,18.18,3.291,Sechs bis zehn Bewertungen aufgrund von Beschwerden wegen Diffamierung entfernt.,https://www.google.com/maps/place/Monteurunterkunft+Ludwigskanal/data=!4m10!3m9!1s0x479f5b0759b16057:0xa5ee9cf2cfa36e19!5m2!4m1!1i2!8m2!3d49.3573647!4d11.1416727!16s%2Fg%2F1tvw3y9l!19sChIJV2CxWQdbn0cRGW6jz_Kc7qU?authuser=0&hl=de&rclk=1
280,Nurban Apartments City Nürnberg,90429,"Denisstraße 56, 90429 Nürnberg",4.4,28,6–10,6,10,8,22.22,3.644,Sechs bis zehn Bewertungen aufgrund von Beschwerden wegen Diffamierung entfernt.,https://www.google.com/maps/place/Nurban+Apartments+City+N%C3%BCrnberg/data=!4m10!3m9!1s0x479f565854b95555:0xdb712313b8ca03b7!5m2!4m1!1i2!8m2!3d49.4517188!4d11.0463317!16s%2Fg%2F11j2g08txc!19sChIJVVW5VFhWn0cRtwPKuBMjcds?authuser=0&hl=de&rclk=1
281,Barfrieder & Bürger Rechtsanwälte Nürnberg,90491,"Volbehrstraße 11D, 90491 Nürnberg",4.7,27,6–10,6,10,8,22.86,3.854,Sechs bis zehn Bewertungen aufgrund von Beschwerden wegen Diffamierung entfernt.,https://www.google.com/maps/place/Barfrieder+%26+B%C3%BCrger+Rechtsanw%C3%A4lte+N%C3%BCrnberg/data=!4m7!3m6!1s0x479f563422932e0d:0xf59fbcb5ece0fca9!8m2!3d49.4763384!4d11.1234152!16s%2Fg%2F1td5w4h2!19sChIJDS6TIjRWn0cRqfzg7LW8n_U?authuser=0&hl=de&rclk=1
282,Esso,90425,"Erlanger Str. 3, 90425 Nürnberg",4.1,24,6–10,6,10,8,25,3.325,Sechs bis zehn Bewertungen aufgrund von Beschwerden wegen Diffamierung entfernt.,https://www.google.com/maps/place/Esso/data=!4m7!3m6!1s0x479f56350f90fde7:0x704f6479202fb71e!8m2!3d49.4696673!4d11.0673077!16s%2Fg%2F11f5vb8_ct!19sChIJ5_2QDzVWn0cRHrcvIHlkT3A?authuser=0&hl=de&rclk=1
283,Jugendclub Orange,91054,"Sieglitzhofer Str. 25, 91054 Erlangen",5,20,6–10,6,10,8,28.57,3.857,Sechs bis zehn Bewertungen aufgrund von Beschwerden wegen Diffamierung entfernt.,"https://www.google.com/maps/place/Jugendclub+Orange/@49.6013896,11.040268,17z/data=!3m1!4b1!4m6!3m5!1s0x47a1f91332ee7335:0x9ea52f86444c6d32!8m2!3d49.6013896!4d11.040268!16s%2Fg%2F1vf9bc7z?entry=ttu&g_ep=EgoyMDI2MDUxMC4wIKXMDSoASAFQAw%3D%3D&hl=de"
284,Bratwurst Röslein,90403,"Rathauspl. 6, 90403 Nürnberg",4.1,10158,2–5,2,5,3.5,0.03,4.099,Zwei bis fünf Bewertungen aufgrund von Beschwerden wegen Diffamierung entfernt.,https://www.google.com/maps/place/Bratwurst+R%C3%B6slein/data=!4m7!3m6!1s0x479f57af8dc40267:0xd087eac7de11e545!8m2!3d49.4545853!4d11.0780919!16s%2Fg%2F1hc89_zy1!19sChIJZwLEja9Xn0cRReUR3sfqh9A?authuser=0&hl=de&rclk=1
285,Park Plaza Nürnberg,90402,"Bahnhofstraße 5, 90402 Nürnberg",4.5,1593,2–5,2,5,3.5,0.22,4.492,Zwei bis fünf Bewertungen aufgrund von Beschwerden wegen Diffamierung entfernt.,https://www.google.com/maps/place/Park+Plaza+N%C3%BCrnberg/data=!4m10!3m9!1s0x479f57a0dd3a5417:0x2396d0cf1140e48e!5m2!4m1!1i2!8m2!3d49.4476416!4d11.0833369!16s%2Fg%2F11bymw0fnl!19sChIJF1Q63aBXn0cRjuRAEc_QliM?authuser=0&hl=de&rclk=1
286,Karl August - a Neighborhood Hotel,90403,"Augustinerhof 1, 90403 Nürnberg",4.7,1258,2–5,2,5,3.5,0.28,4.69,Zwei bis fünf Bewertungen aufgrund von Beschwerden wegen Diffamierung entfernt.,https://www.google.com/maps/place/Karl+August+-+a+Neighborhood+Hotel/data=!4m7!3m6!1s0x479f5791e68c3b8b:0x3265604e92ed9e49!8m2!3d49.4537371!4d11.075918!16s%2Fg%2F11h4_dc_f4!19sChIJizuM5pFXn0cRSZ7tkk5gZTI?authuser=0&hl=de&rclk=1
287,Q-bap - Qualitäts-Kebap,90441,"Schweinauer Hauptstraße 94, 90441 Nürnberg",4.7,1058,2–5,2,5,3.5,0.33,4.688,Zwei bis fünf Bewertungen aufgrund von Beschwerden wegen Diffamierung entfernt.,https://www.google.com/maps/place/Q-bap+-+Qualit%C3%A4ts-Kebap/data=!4m7!3m6!1s0x479f56dd7fcff3a5:0x80a6569ac4944f02!8m2!3d49.4288329!4d11.0436222!16s%2Fg%2F1tfg2287!19sChIJpfPPf91Wn0cRAk-UxJpWpoA?authuser=0&hl=de&rclk=1
288,Landgasthof Hotel Gentner,90475,"Bregenzer Str. 31, 90475 Nürnberg",4.7,1029,2–5,2,5,3.5,0.34,4.687,Zwei bis fünf Bewertungen aufgrund von Beschwerden wegen Diffamierung entfernt.,https://www.google.com/maps/place/Landgasthof+Hotel+Gentner/data=!4m10!3m9!1s0x479f596030c407d5:0xc066c8f91b0a8751!5m2!4m1!1i2!8m2!3d49.39657!4d11.17404!16s%2Fg%2F1tjxdnf8!19sChIJ1QfEMGBZn0cRUYcKG_nIZsA?authuser=0&hl=de&rclk=1
289,Restaurant Thalassa Nürnberg,90441,"Daimlerstraße 71, 90441 Nürnberg",4.8,1001,2–5,2,5,3.5,0.35,4.787,Zwei bis fünf Bewertungen aufgrund von Beschwerden wegen Diffamierung entfernt.,https://www.google.com/maps/place/Restaurant+Thalassa+N%C3%BCrnberg/data=!4m7!3m6!1s0x479f5728da41fb19:0xf545ebd1394844f0!8m2!3d49.4231149!4d11.0439228!16s%2Fg%2F11jxx7w7yr!19sChIJGftB2ihXn0cR8ERIOdHrRfU?authuser=0&hl=de&rclk=1
290,Kohinoor Indisches Restaurant,90402,"Bahnhofstraße 13, 90402 Nürnberg",4.9,971,2–5,2,5,3.5,0.36,4.886,Zwei bis fünf Bewertungen aufgrund von Beschwerden wegen Diffamierung entfernt.,https://www.google.com/maps/place/Kohinoor+Indisches+Restaurant/data=!4m7!3m6!1s0x479f5755525b3405:0xefa97b1e0341274c!8m2!3d49.4473572!4d11.086095!16s%2Fg%2F11fvwkq6lx!19sChIJBTRbUlVXn0cRTCdBAx57qe8?authuser=0&hl=de&rclk=1
291,"SELLWERK - Nürnberg, Mittelfranken",90425,"Pretzfelder Str. 7-11, 90425 Nürnberg",4.2,818,2–5,2,5,3.5,0.43,4.186,Zwei bis fünf Bewertungen aufgrund von Beschwerden wegen Diffamierung entfernt.,"https://www.google.com/maps/place/SELLWERK+-+N%C3%BCrnberg,+Mittelfranken/data=!4m7!3m6!1s0x479f5636a3a5b677:0xf39d6940341abfd4!8m2!3d49.472304!4d11.063549!16s%2Fg%2F1hc4tdgjh!19sChIJd7alozZWn0cR1L8aNEBpnfM?authuser=0&hl=de&rclk=1"
292,Dein Barber Shop,90419,"Johannisstraße 23, 90419 Nürnberg",5,674,2–5,2,5,3.5,0.52,4.979,Zwei bis fünf Bewertungen aufgrund von Beschwerden wegen Diffamierung entfernt.,https://www.google.com/maps/place/Dein+Barber+Shop/data=!4m7!3m6!1s0x479f57a3e2ee4dc9:0xa78dd749b6475e35!8m2!3d49.4574363!4d11.0672763!16s%2Fg%2F11vk8bszlx!19sChIJyU3u4qNXn0cRNV5HtknXjac?authuser=0&hl=de&rclk=1
293,BARDOLINO Fine.Food.Hotel,90443,"Humboldtstraße 5, 90443 Nürnberg",4.8,637,2–5,2,5,3.5,0.55,4.779,Zwei bis fünf Bewertungen aufgrund von Beschwerden wegen Diffamierung entfernt.,https://www.google.com/maps/place/BARDOLINO+Fine.Food.Hotel/data=!4m7!3m6!1s0x479f571acd7234a3:0x96d3ee7073e48617!8m2!3d49.4369444!4d11.068611!16s%2Fg%2F11fj2ppt_f!19sChIJozRyzRpXn0cRF4bkc3Du05Y?authuser=0&hl=de&rclk=1
294,XOCO Café,90402,"Vordere Sterngasse 20, 90402 Nürnberg",4.7,634,2–5,2,5,3.5,0.55,4.68,Zwei bis fünf Bewertungen aufgrund von Beschwerden wegen Diffamierung entfernt.,https://www.google.com/maps/place/XOCO+Caf%C3%A9/data=!4m7!3m6!1s0x479f57f86a7dc857:0xf15ca87bb5cb2e6d!8m2!3d49.44775!4d11.07808!16s%2Fg%2F11h6fm7_gm!19sChIJV8h9avhXn0cRbS7LtXuoXPE?authuser=0&hl=de&rclk=1
295,EDEKA Gass - Nürnberg,90408,"Bucher Str. 86, 90408 Nürnberg",4.4,570,2–5,2,5,3.5,0.61,4.379,Zwei bis fünf Bewertungen aufgrund von Beschwerden wegen Diffamierung entfernt.,https://www.google.com/maps/place/EDEKA+Gass+-+N%C3%BCrnberg/data=!4m7!3m6!1s0x479f57b53827cc1b:0xc3291ab2b9a0325e!8m2!3d49.4661547!4d11.0698686!16s%2Fg%2F1hc3h8hmy!19sChIJG8wnOLVXn0cRXjKgubIaKcM?authuser=0&hl=de&rclk=1
296,EDEKA,90411,"Kilianstraße 253, 90411 Nürnberg",4.4,517,2–5,2,5,3.5,0.67,4.377,Zwei bis fünf Bewertungen aufgrund von Beschwerden wegen Diffamierung entfernt.,https://www.google.com/maps/place/EDEKA/data=!4m7!3m6!1s0x479f57e88243822d:0x544e7c115aa954dd!8m2!3d49.4752089!4d11.1028452!16s%2Fg%2F11btlqgsgn!19sChIJLYJDguhXn0cR3VSpWhF8TlQ?authuser=0&hl=de&rclk=1
297,Gusto Natural Steakrestaurant Nürnberg,90482,"Bürgweg 25, 90482 Nürnberg",4.8,507,2–5,2,5,3.5,0.69,4.774,Zwei bis fünf Bewertungen aufgrund von Beschwerden wegen Diffamierung entfernt.,https://www.google.com/maps/place/Gusto+Natural+Steakrestaurant+N%C3%BCrnberg/data=!4m7!3m6!1s0x479f5817a499e339:0x5743b617cb3cb6f!8m2!3d49.462994!4d11.1373628!16s%2Fg%2F12hr4xdhs!19sChIJOeOZpBdYn0cRb8uzfGE7dAU?authuser=0&hl=de&rclk=1
298,Hotel FIVE,90403,"Obstmarkt 5, 90403 Nürnberg",4.8,487,2–5,2,5,3.5,0.71,4.773,Zwei bis fünf Bewertungen aufgrund von Beschwerden wegen Diffamierung entfernt.,https://www.google.com/maps/place/Hotel+FIVE/data=!4m7!3m6!1s0x479f57a565ce9975:0x346d65c9e726d551!8m2!3d49.4547704!4d11.078341!16s%2Fg%2F11bw7d1z67!19sChIJdZnOZaVXn0cRUdUm58llbTQ?authuser=0&hl=de&rclk=1
299,TX SPORTS,90402,"Vordere Sterngasse 9, 90402 Nürnberg",4.6,425,2–5,2,5,3.5,0.82,4.571,Zwei bis fünf Bewertungen aufgrund von Beschwerden wegen Diffamierung entfernt.,https://www.google.com/maps/place/TX+SPORTS/data=!4m7!3m6!1s0x479f57a7a6344895:0xa91b65c6acbd2221!8m2!3d49.4480313!4d11.0783101!16s%2Fg%2F1tglxzxp!19sChIJlUg0pqdXn0cRISK9rMZlG6k?authuser=0&hl=de&rclk=1
300,Elegance Salon,90443,"Seuffertstraße 1, 90443 Nürnberg",4.9,413,2–5,2,5,3.5,0.84,4.867,Zwei bis fünf Bewertungen aufgrund von Beschwerden wegen Diffamierung entfernt.,https://www.google.com/maps/place/Elegance+Salon/data=!4m7!3m6!1s0x479f570f8266b6eb:0xc4010d91b9b3e924!8m2!3d49.43894!4d11.07206!16s%2Fg%2F11dzvh0qzn!19sChIJ67Zmgg9Xn0cRJOmzuZENAcQ?authuser=0&hl=de&rclk=1
301,PK - art of hair l Friseur Nürnberg,90403,"Füll 8, 90403 Nürnberg",5,412,2–5,2,5,3.5,0.84,4.966,Zwei bis fünf Bewertungen aufgrund von Beschwerden wegen Diffamierung entfernt.,https://www.google.com/maps/place/PK+-+art+of+hair+l+Friseur+N%C3%BCrnberg/data=!4m7!3m6!1s0x479f57ec71698a5b:0xcc81335fcc975c78!8m2!3d49.455889!4d11.0751728!16s%2Fg%2F11k9ndrwyc!19sChIJW4ppcexXn0cReFyXzF8zgcw?authuser=0&hl=de&rclk=1
302,Caf(f)e Centrale Constantine,90403,"Karlstraße 16, 90403 Nürnberg",4.8,408,2–5,2,5,3.5,0.85,4.768,Zwei bis fünf Bewertungen aufgrund von Beschwerden wegen Diffamierung entfernt.,https://www.google.com/maps/place/Caf%28f%29e+Centrale+Constantine/data=!4m7!3m6!1s0x479f57afadf47bfb:0x5a0328c71925d9b9!8m2!3d49.4547638!4d11.0746714!16s%2Fg%2F11bbrh085r!19sChIJ-3v0ra9Xn0cRudklGccoA1o?authuser=0&hl=de&rclk=1
303,MANO,90489,"Stabiusstraße 1, 90489 Nürnberg",4.8,399,2–5,2,5,3.5,0.87,4.767,Zwei bis fünf Bewertungen aufgrund von Beschwerden wegen Diffamierung entfernt.,https://www.google.com/maps/place/MANO/data=!4m7!3m6!1s0x479f571f5206e9e7:0x1485175921827c69!8m2!3d49.4592374!4d11.0945848!16s%2Fg%2F11sb7xdg8j!19sChIJ5-kGUh9Xn0cRaXyCIVkXhRQ?authuser=0&hl=de&rclk=1
304,Firstclass Event & Hotel,90768,"Hafenstraße 45, 90768 Fürth",4.9,393,2–5,2,5,3.5,0.88,4.866,Zwei bis fünf Bewertungen aufgrund von Beschwerden wegen Diffamierung entfernt.,https://www.google.com/maps/place/Firstclass+Event+%26+Hotel/data=!4m10!3m9!1s0x479f551d1b6a74b9:0x58a8ac0d814ddd5b!5m2!4m1!1i2!8m2!3d49.4939377!4d10.9468543!16s%2Fg%2F11rbl_vhdy!19sChIJuXRqGx1Vn0cRW91NgQ2sqFg?authuser=0&hl=de&rclk=1
305,Da Gallo Restaurant in Heroldsberg,90562,"Hauptstraße 19, 90562 Heroldsberg",4.8,391,2–5,2,5,3.5,0.89,4.766,Zwei bis fünf Bewertungen aufgrund von Beschwerden wegen Diffamierung entfernt.,https://www.google.com/maps/place/Da+Gallo+Restaurant+in+Heroldsberg/data=!4m7!3m6!1s0x47a1e303733c98e3:0xd755c467da23e12d!8m2!3d49.536994!4d11.155355!16s%2Fg%2F11s1w7kk25!19sChIJ45g8cwPjoUcRLeEj2mfEVdc?authuser=0&hl=de&rclk=1
306,Herzblut Friseure Nürnberg,90402,"Schottengasse 11, 90402 Nürnberg",4.9,389,2–5,2,5,3.5,0.89,4.865,Zwei bis fünf Bewertungen aufgrund von Beschwerden wegen Diffamierung entfernt.,https://www.google.com/maps/place/Herzblut+Friseure+N%C3%BCrnberg/data=!4m7!3m6!1s0x479f57a9c210ba51:0x8632aa66e28122c5!8m2!3d49.448241!4d11.0698634!16s%2Fg%2F11b81smqfh!19sChIJUboQwqlXn0cRxSKB4maqMoY?authuser=0&hl=de&rclk=1
307,Woitinek Lebküchnerei Lebkuchen Fabrikverkauf und Lebkuchen aus Nürnberg Online bestellen,90443,"Peter-Henlein-Straße 1, 90443 Nürnberg",4.9,377,2–5,2,5,3.5,0.92,4.864,Zwei bis fünf Bewertungen aufgrund von Beschwerden wegen Diffamierung entfernt.,https://www.google.com/maps/place/Woitinek+Lebk%C3%BCchnerei+Lebkuchen+Fabrikverkauf+und+Lebkuchen+aus+N%C3%BCrnberg+Online+bestellen/data=!4m7!3m6!1s0x479f5705c285ba9d:0xa0ab2be2d1b8c911!8m2!3d49.4409428!4d11.0705124!16s%2Fg%2F1tdc8s_f!19sChIJnbqFwgVXn0cREcm40eIrq6A?authuser=0&hl=de&rclk=1
308,Heldenverlies,90408,"Rollnerstraße 135, 90408 Nürnberg",4.5,376,2–5,2,5,3.5,0.92,4.468,Zwei bis fünf Bewertungen aufgrund von Beschwerden wegen Diffamierung entfernt.,https://www.google.com/maps/place/Heldenverlies/data=!4m7!3m6!1s0x479f57bddd2a2daf:0x297680cf898e7717!8m2!3d49.471039!4d11.0808864!16s%2Fg%2F11h3brql6g!19sChIJry0q3b1Xn0cRF3eOic-Adik?authuser=0&hl=de&rclk=1
309,HairBrotherS,90402,"Dr.-Kurt-Schumacher-Straße 9, 90402 Nürnberg",4.9,350,2–5,2,5,3.5,0.99,4.861,Zwei bis fünf Bewertungen aufgrund von Beschwerden wegen Diffamierung entfernt.,https://www.google.com/maps/place/HairBrotherS/data=!4m7!3m6!1s0x479f570f103e51b7:0x711abf013dfe03ab!8m2!3d49.4492287!4d11.0729666!16s%2Fg%2F11f3n90_75!19sChIJt1E-EA9Xn0cRqwP-PQG_GnE?authuser=0&hl=de&rclk=1
310,SPORTCENTRUM NÜRNBERG,90482,"Schüblerstraße 15, 90482 Nürnberg",4.7,311,2–5,2,5,3.5,1.11,4.659,Zwei bis fünf Bewertungen aufgrund von Beschwerden wegen Diffamierung entfernt.,https://www.google.com/maps/place/SPORTCENTRUM+N%C3%9CRNBERG/data=!4m7!3m6!1s0x479f5787ff27a859:0x6d03a46f11e8602e!8m2!3d49.4528421!4d11.1176987!16s%2Fg%2F1tgdgzxd!19sChIJWagn_4dXn0cRLmDoEW-kA20?authuser=0&hl=de&rclk=1
311,Esso,90475,"Gleiwitzer Str. 220, 90475 Nürnberg",4.6,304,2–5,2,5,3.5,1.14,4.559,Zwei bis fünf Bewertungen aufgrund von Beschwerden wegen Diffamierung entfernt.,https://www.google.com/maps/place/Esso/data=!4m7!3m6!1s0x479f599b12e7afd7:0xd9e0667d5623372!8m2!3d49.4106648!4d11.1462349!16s%2Fg%2F1tz74zr7!19sChIJ16_nEptZn0cRcjNi1WcGng0?authuser=0&hl=de&rclk=1
312,Mama Cafe,90489,"Werderstraße 1, 90489 Nürnberg",4.3,302,2–5,2,5,3.5,1.15,4.262,Zwei bis fünf Bewertungen aufgrund von Beschwerden wegen Diffamierung entfernt.,https://www.google.com/maps/place/Mama+Cafe/data=!4m7!3m6!1s0x479f5755fecd16cb:0xb72c31cc45271fc9!8m2!3d49.4608016!4d11.0955324!16s%2Fg%2F11f66bx55c!19sChIJyxbN_lVXn0cRyR8nRcwxLLc?authuser=0&hl=de&rclk=1
313,"GYM10 Nürnberg - Fitness ab 14,90 EUR/Monat",90461,"Allersberger Str. 71, 90461 Nürnberg",4.4,296,2–5,2,5,3.5,1.17,4.36,Zwei bis fünf Bewertungen aufgrund von Beschwerden wegen Diffamierung entfernt.,"https://www.google.com/maps/place/GYM10+N%C3%BCrnberg+-+Fitness+ab+14,90+EUR%2FMonat/data=!4m7!3m6!1s0x479f57744408a057:0x99ad744587e374c5!8m2!3d49.4412658!4d11.0904318!16s%2Fg%2F11g72g330q!19sChIJV6AIRHRXn0cRxXTjh0V0rZk?authuser=0&hl=de&rclk=1"
314,BadBoys Barber,90537,"Hauptstraße 27, 90537 Feucht",4.9,292,2–5,2,5,3.5,1.18,4.854,Zwei bis fünf Bewertungen aufgrund von Beschwerden wegen Diffamierung entfernt.,https://www.google.com/maps/place/BadBoys+Barber/data=!4m7!3m6!1s0x479f5d859fb71cb5:0x5f15ce52f71b4c40!8m2!3d49.3757206!4d11.2132842!16s%2Fg%2F11k47wl_9n!19sChIJtRy3n4Vdn0cRQEwb91LOFV8?authuser=0&hl=de&rclk=1
315,Gasthof Tut,90475,"Oelser Str. 17, 90475 Nürnberg",4.7,281,2–5,2,5,3.5,1.23,4.654,Zwei bis fünf Bewertungen aufgrund von Beschwerden wegen Diffamierung entfernt.,https://www.google.com/maps/place/Gasthof+Tut/data=!4m10!3m9!1s0x479f59146328f259:0x8fbbd3405925152a!5m2!4m1!1i2!8m2!3d49.4057379!4d11.1650285!16s%2Fg%2F11y59cwhhl!19sChIJWfIoYxRZn0cRKhUlWUDTu48?authuser=0&hl=de&rclk=1
316,Haus des Friseurs,90409,"Löbleinstraße 40, 90409 Nürnberg",4.9,261,2–5,2,5,3.5,1.32,4.848,Zwei bis fünf Bewertungen aufgrund von Beschwerden wegen Diffamierung entfernt.,https://www.google.com/maps/place/Haus+des+Friseurs/data=!4m7!3m6!1s0x479f57bfa2fc08f1:0x47ebcb37d53020c5!8m2!3d49.4644071!4d11.0868763!16s%2Fg%2F11s5p7k6zs!19sChIJ8Qj8or9Xn0cRxSAw1TfL60c?authuser=0&hl=de&rclk=1
317,Nürnberger Winterhütten,90427,"Flughafenstraße 103, 90427 Nürnberg",4.5,259,2–5,2,5,3.5,1.33,4.453,Zwei bis fünf Bewertungen aufgrund von Beschwerden wegen Diffamierung entfernt.,https://www.google.com/maps/place/N%C3%BCrnberger+Winterh%C3%BCtten/data=!4m7!3m6!1s0x47a1fd8226e3410b:0x86aa23238dd32e1!8m2!3d49.4928536!4d11.0774481!16s%2Fg%2F11c2mcpfws!19sChIJC0HjJoL9oUcR4TLdODKiagg?authuser=0&hl=de&rclk=1
318,Friseursalon Tim Tuna,90403,"Ob. Wörthstraße 6, 90403 Nürnberg",4.9,232,2–5,2,5,3.5,1.49,4.842,Zwei bis fünf Bewertungen aufgrund von Beschwerden wegen Diffamierung entfernt.,https://www.google.com/maps/place/Friseursalon+Tim+Tuna/data=!4m7!3m6!1s0x479f578aacc025cd:0x6105ce1c24d2ba9d!8m2!3d49.452421!4d11.074106!16s%2Fg%2F11sf74ybkr!19sChIJzSXArIpXn0cRnbrSJBzOBWE?authuser=0&hl=de&rclk=1
319,Gaststätte Sängerlust,90480,"Zerzabelshofer Hauptstraße 51, 90480 Nürnberg",4.5,230,2–5,2,5,3.5,1.5,4.448,Zwei bis fünf Bewertungen aufgrund von Beschwerden wegen Diffamierung entfernt.,https://www.google.com/maps/place/Gastst%C3%A4tte+S%C3%A4ngerlust/data=!4m7!3m6!1s0x479f59846207c1eb:0x4baaec873f929c3a!8m2!3d49.4447434!4d11.1273021!16s%2Fg%2F11p00hzrkj!19sChIJ68EHYoRZn0cROpySP4fsqks?authuser=0&hl=de&rclk=1
320,Life and Health Chiropraktik Nürnberg,90491,"Äußere Sulzbacher Str. 151, 90491 Nürnberg",4.9,226,2–5,2,5,3.5,1.53,4.841,Zwei bis fünf Bewertungen aufgrund von Beschwerden wegen Diffamierung entfernt.,https://www.google.com/maps/place/Life+and+Health+Chiropraktik+N%C3%BCrnberg/data=!4m7!3m6!1s0x479f576114833339:0x561a19de4ce2e151!8m2!3d49.4662344!4d11.12266!16s%2Fg%2F11gp462tn_!19sChIJOTODFGFXn0cRUeHiTN4ZGlY?authuser=0&hl=de&rclk=1
321,Creativ Park Hotel,90480,"Regensburger Str. 334, 90480 Nürnberg",4.5,223,2–5,2,5,3.5,1.55,4.446,Zwei bis fünf Bewertungen aufgrund von Beschwerden wegen Diffamierung entfernt.,https://www.google.com/maps/place/Creativ+Park+Hotel/data=!4m10!3m9!1s0x479f59c8b7a50d0f:0x9f9fe441592bf468!5m2!4m1!1i2!8m2!3d49.4319405!4d11.1304315!16s%2Fg%2F1tcyqv0v!19sChIJDw2lt8hZn0cRaPQrWUHkn58?authuser=0&hl=de&rclk=1
322,FTB Fitness Training Nürnberg,90402,"Jakobstraße 51, 90402 Nürnberg",4.6,221,2–5,2,5,3.5,1.56,4.544,Zwei bis fünf Bewertungen aufgrund von Beschwerden wegen Diffamierung entfernt.,https://www.google.com/maps/place/FTB+Fitness+Training+N%C3%BCrnberg/data=!4m7!3m6!1s0x479f578572c17d99:0x1941e6e351ba7c65!8m2!3d49.4487696!4d11.0712063!16s%2Fg%2F11smc7q38x!19sChIJmX3BcoVXn0cRZXy6UePmQRk?authuser=0&hl=de&rclk=1
323,Erlebnishof & Aktivstall Nürnberg - Familie Bübel,90427,"Johann-Sperl-Straße 20, 90427 Nürnberg",4.9,213,2–5,2,5,3.5,1.62,4.837,Zwei bis fünf Bewertungen aufgrund von Beschwerden wegen Diffamierung entfernt.,https://www.google.com/maps/place/Erlebnishof+%26+Aktivstall+N%C3%BCrnberg+-+Familie+B%C3%BCbel/data=!4m7!3m6!1s0x47a1fd8c754ac485:0x11e0dfc9c270994d!8m2!3d49.4945!4d11.05781!16s%2Fg%2F124yjgp3y!19sChIJhcRKdYz9oUcRTZlwwsnf4BE?authuser=0&hl=de&rclk=1
324,Rehazentrum Wöhrderwiese GmbH,90402,"Hadermühle 8, 90402 Nürnberg",4.3,212,2–5,2,5,3.5,1.62,4.246,Zwei bis fünf Bewertungen aufgrund von Beschwerden wegen Diffamierung entfernt.,https://www.google.com/maps/place/Rehazentrum+W%C3%B6hrderwiese+GmbH/data=!4m7!3m6!1s0x479f57a22016359d:0xc32eecbabb291bcb!8m2!3d49.4505069!4d11.0876143!16s%2Fg%2F11bzyn9jt6!19sChIJnTUWIKJXn0cRyxspu7rsLsM?authuser=0&hl=de&rclk=1
325,Hotel Deutscher Kaiser,90402,"Königstraße 55, 90402 Nürnberg",4.7,206,2–5,2,5,3.5,1.67,4.638,Zwei bis fünf Bewertungen aufgrund von Beschwerden wegen Diffamierung entfernt.,https://www.google.com/maps/place/Hotel+Deutscher+Kaiser/data=!4m10!3m9!1s0x479f57a6fa8ade6f:0x2a237abf93d2f535!5m2!4m1!1i2!8m2!3d49.4491759!4d11.0797864!16s%2Fg%2F120z_3sh!19sChIJb96K-qZXn0cRNfXSk796Iyo?authuser=0&hl=de&rclk=1
326,Delicious Caffee,90762,"Nürnberger Str. 25, 90762 Fürth",4.9,200,2–5,2,5,3.5,1.72,4.833,Zwei bis fünf Bewertungen aufgrund von Beschwerden wegen Diffamierung entfernt.,https://www.google.com/maps/place/Delicious+Caffee/data=!4m7!3m6!1s0x479f55e11421908b:0x13f6299bcccc1967!8m2!3d49.4710618!4d10.997326!16s%2Fg%2F11kptq7rz8!19sChIJi5AhFOFVn0cRZxnMzJsp9hM?authuser=0&hl=de&rclk=1
327,Nürnberger Barbershop by Bali,90461,"Allersberger Str. 90, 90461 Nürnberg",4.9,200,2–5,2,5,3.5,1.72,4.833,Zwei bis fünf Bewertungen aufgrund von Beschwerden wegen Diffamierung entfernt.,https://www.google.com/maps/place/N%C3%BCrnberger+Barbershop+by+Bali/data=!4m7!3m6!1s0x479f57fd73627845:0xbaaa89f65c9a0b64!8m2!3d49.4398133!4d11.0901479!16s%2Fg%2F11t26y4fbq!19sChIJRXhic_1Xn0cRZAuaXPaJqro?authuser=0&hl=de&rclk=1
328,MILANO Barbershop - Nürnberg,90489,"Äußere Sulzbacher Str. 11, 90489 Nürnberg",4.9,195,2–5,2,5,3.5,1.76,4.831,Zwei bis fünf Bewertungen aufgrund von Beschwerden wegen Diffamierung entfernt.,https://www.google.com/maps/place/MILANO+Barbershop+-+N%C3%BCrnberg/data=!4m7!3m6!1s0x479f57c39496ee65:0xda66aabca4b94433!8m2!3d49.4603281!4d11.1046999!16s%2Fg%2F11qp42gy3l!19sChIJZe6WlMNXn0cRM0S5pLyqZto?authuser=0&hl=de&rclk=1
329,Lackys Hair,90439,"Schwabacher Str. 94, 90439 Nürnberg",4.9,184,2–5,2,5,3.5,1.87,4.827,Zwei bis fünf Bewertungen aufgrund von Beschwerden wegen Diffamierung entfernt.,https://www.google.com/maps/place/Lackys+Hair/data=!4m7!3m6!1s0x479f56e361a14331:0x8953c7821d3f05a7!8m2!3d49.4369911!4d11.0504951!16s%2Fg%2F1td7gqzy!19sChIJMUOhYeNWn0cRpwU_HYLHU4k?authuser=0&hl=de&rclk=1
330,Trattoria La Vera,90408,"Uhlandstraße 21, 90408 Nürnberg",4.9,180,2–5,2,5,3.5,1.91,4.826,Zwei bis fünf Bewertungen aufgrund von Beschwerden wegen Diffamierung entfernt.,https://www.google.com/maps/place/Trattoria+La+Vera/data=!4m7!3m6!1s0x479f570024c3beef:0x70fc5813b609a1e7!8m2!3d49.4645172!4d11.0757512!16s%2Fg%2F11w9sppm42!19sChIJ777DJABXn0cR56EJthNY_HA?authuser=0&hl=de&rclk=1
331,Creatissimo - Damen & Herren Friseur - Nürnberg,90403,"Theresienpl. 8, 90403 Nürnberg",4.7,168,2–5,2,5,3.5,2.04,4.624,Zwei bis fünf Bewertungen aufgrund von Beschwerden wegen Diffamierung entfernt.,https://www.google.com/maps/place/Creatissimo+-+Damen+%26+Herren+Friseur+-+N%C3%BCrnberg/data=!4m7!3m6!1s0x479f57a5293abcf1:0x65dbbf49013ffe76!8m2!3d49.4556989!4d11.0809897!16s%2Fg%2F1tfb5kpj!19sChIJ8bw6KaVXn0cRdv4_AUm_22U?authuser=0&hl=de&rclk=1
332,Rathaus-Apotheke-Oberasbach,90522,"Am Rathaus 1, 90522 Oberasbach",4.8,161,2–5,2,5,3.5,2.13,4.719,Zwei bis fünf Bewertungen aufgrund von Beschwerden wegen Diffamierung entfernt.,https://www.google.com/maps/place/Rathaus-Apotheke-Oberasbach/data=!4m7!3m6!1s0x479f546b83a7c3e7:0xebddb130af5b92d8!8m2!3d49.4315593!4d10.9692094!16s%2Fg%2F1ths8bqj!19sChIJ58Ong2tUn0cR2JJbrzCx3es?authuser=0&hl=de&rclk=1
333,Soulplace Head Spa & Beauty,90491,"Äußere Sulzbacher Str. 151, 90491 Nürnberg",5,160,2–5,2,5,3.5,2.14,4.914,Zwei bis fünf Bewertungen aufgrund von Beschwerden wegen Diffamierung entfernt.,https://www.google.com/maps/place/Soulplace+Head+Spa+%26+Beauty/data=!4m7!3m6!1s0x479f574c52a2753f:0x95344fd4a096767a!8m2!3d49.4662325!4d11.1226599!16s%2Fg%2F11x5qzkc1d!19sChIJP3WiUkxXn0cRenaWoNRPNJU?authuser=0&hl=de&rclk=1
334,Jøwåy Nürnberg,90403,"Hutergasse 1, 90403 Nürnberg",4.9,158,2–5,2,5,3.5,2.17,4.815,Zwei bis fünf Bewertungen aufgrund von Beschwerden wegen Diffamierung entfernt.,https://www.google.com/maps/place/J%C3%B8w%C3%A5y+N%C3%BCrnberg/data=!4m7!3m6!1s0x479f5741b3847eef:0x9b00a0d138acbd94!8m2!3d49.4522941!4d11.0724534!16s%2Fg%2F11ft0sq651!19sChIJ736Es0FXn0cRlL2sONGgAJs?authuser=0&hl=de&rclk=1
335,Pizzeria Da Marcel,90482,"Brandstraße 28, 90482 Nürnberg",4.7,153,2–5,2,5,3.5,2.24,4.617,Zwei bis fünf Bewertungen aufgrund von Beschwerden wegen Diffamierung entfernt.,https://www.google.com/maps/place/Pizzeria+Da+Marcel/data=!4m7!3m6!1s0x479f586f7424097d:0x137c7b4d24aa0c11!8m2!3d49.4660555!4d11.1624053!16s%2Fg%2F1tft_jx7!19sChIJfQkkdG9Yn0cREQyqJE17fBM?authuser=0&hl=de&rclk=1
336,ista,90449,"Südwestpark 50, 90449 Nürnberg",2.9,148,2–5,2,5,3.5,2.31,2.856,Zwei bis fünf Bewertungen aufgrund von Beschwerden wegen Diffamierung entfernt.,https://www.google.com/maps/place/ista/data=!4m7!3m6!1s0x479f56bda37f26e7:0xdc4121e3bc0c96c8!8m2!3d49.429868!4d11.0178673!16s%2Fg%2F1tgjk8nv!19sChIJ5yZ_o71Wn0cRyJYMvOMhQdw?authuser=0&hl=de&rclk=1
337,Pension Central,90762,"Katharinenstraße 3, 90762 Fürth",4.7,147,2–5,2,5,3.5,2.33,4.614,Zwei bis fünf Bewertungen aufgrund von Beschwerden wegen Diffamierung entfernt.,https://www.google.com/maps/place/Pension+Central/data=!4m10!3m9!1s0x479f559674560e5f:0xa69c177dec5c26b1!5m2!4m1!1i2!8m2!3d49.4771508!4d10.9846304!16s%2Fg%2F1td4cjz_!19sChIJXw5WdJZVn0cRsSZc7H0XnKY?authuser=0&hl=de&rclk=1
338,Merkur-Apotheke,90459,"Breitscheidstraße 5, 90459 Nürnberg",4.9,145,2–5,2,5,3.5,2.36,4.808,Zwei bis fünf Bewertungen aufgrund von Beschwerden wegen Diffamierung entfernt.,https://www.google.com/maps/place/Merkur-Apotheke/data=!4m7!3m6!1s0x479f570b91b88283:0x20507303cdf0fa83!8m2!3d49.4413484!4d11.0812831!16s%2Fg%2F1tftq28f!19sChIJg4K4kQtXn0cRg_rwzQNzUCA?authuser=0&hl=de&rclk=1
339,Galerie Ostermayr - Bar Nürnberg,90402,"Königstraße 33 - 37/Laden 7 & 8, 90402 Nürnberg",4.8,142,2–5,2,5,3.5,2.41,4.709,Zwei bis fünf Bewertungen aufgrund von Beschwerden wegen Diffamierung entfernt.,https://www.google.com/maps/place/Galerie+Ostermayr+-+Bar+N%C3%BCrnberg/data=!4m7!3m6!1s0x479f57c5ed5856c5:0x2ce9d7d0de44a753!8m2!3d49.4501784!4d11.0791391!16s%2Fg%2F11w7dtnx_z!19sChIJxVZY7cVXn0cRU6dE3tDX6Sw?authuser=0&hl=de&rclk=1
340,2BITES Nürnberg,90402,"Färberstraße 11, 90402 Nürnberg",4.7,138,2–5,2,5,3.5,2.47,4.608,Zwei bis fünf Bewertungen aufgrund von Beschwerden wegen Diffamierung entfernt.,https://www.google.com/maps/place/2BITES+N%C3%BCrnberg/data=!4m7!3m6!1s0x479f573fd5009671:0x574d4fda4903bb2e!8m2!3d49.4497362!4d11.0728739!16s%2Fg%2F11yq65mrfj!19sChIJcZYA1T9Xn0cRLrsDSdpPTVc?authuser=0&hl=de&rclk=1
341,Oli´s Fitness Paradies,91126,"Flurstraße 105, 91126 Schwabach",4.8,132,2–5,2,5,3.5,2.58,4.702,Zwei bis fünf Bewertungen aufgrund von Beschwerden wegen Diffamierung entfernt.,https://www.google.com/maps/place/Oli%C2%B4s+Fitness+Paradies/data=!4m7!3m6!1s0x479f5018f1f91d3b:0x590eeecf8447bf6!8m2!3d49.3325311!4d11.0444968!16s%2Fg%2F1tj90jp0!19sChIJOx358RhQn0cR9ntE-OzukAU?authuser=0&hl=de&rclk=1
342,Tekin GmbH - Türkei Umzug - Evden eve esya nakliyati - since 1983 - Almanya Türkiye arasi,90475,"Dickensstraße 6, 90475 Nürnberg",4.7,128,2–5,2,5,3.5,2.66,4.602,Zwei bis fünf Bewertungen aufgrund von Beschwerden wegen Diffamierung entfernt.,https://www.google.com/maps/place/Tekin+GmbH+-+T%C3%BCrkei+Umzug+-+Evden+eve+esya+nakliyati+-+since+1983+-+Almanya+T%C3%BCrkiye+arasi/data=!4m7!3m6!1s0x479f5732ed4b6199:0x9690ee74ef6c363!8m2!3d49.4193351!4d11.2005752!16s%2Fg%2F12lt2kfzg!19sChIJmWFL7TJXn0cRY8P2TucOaQk?authuser=0&hl=de&rclk=1
343,MEDICON Apotheke Wölckernstraße,90459,"Wölckernstraße 5, 90459 Nürnberg",4.1,121,2–5,2,5,3.5,2.81,4.013,Zwei bis fünf Bewertungen aufgrund von Beschwerden wegen Diffamierung entfernt.,https://www.google.com/maps/place/MEDICON+Apotheke+W%C3%B6lckernstra%C3%9Fe/data=!4m7!3m6!1s0x479f570c765e0b75:0xbd3e8b707498b2e2!8m2!3d49.4405739!4d11.0809771!16s%2Fg%2F1tds5pt8!19sChIJdQtedgxXn0cR4rKYdHCLPr0?authuser=0&hl=de&rclk=1
344,Pizzeria Basilico,90409,"Parkstraße 43, 90409 Nürnberg",4.9,121,2–5,2,5,3.5,2.81,4.79,Zwei bis fünf Bewertungen aufgrund von Beschwerden wegen Diffamierung entfernt.,https://www.google.com/maps/place/Pizzeria+Basilico/data=!4m7!3m6!1s0x479f571bee357365:0x5e6ed9c5e4475295!8m2!3d49.4663653!4d11.0904465!16s%2Fg%2F11x1p6p5f4!19sChIJZXM17htXn0cRlVJH5MXZbl4?authuser=0&hl=de&rclk=1
345,Feuerlein Friseure,90403,"Kaiserstraße 15, 90403 Nürnberg",4.8,119,2–5,2,5,3.5,2.86,4.691,Zwei bis fünf Bewertungen aufgrund von Beschwerden wegen Diffamierung entfernt.,https://www.google.com/maps/place/Feuerlein+Friseure/data=!4m7!3m6!1s0x479f57a5f870a2c1:0xe0e6b90bc8f7455c!8m2!3d49.4522525!4d11.0763494!16s%2Fg%2F1tfjv868!19sChIJwaJw-KVXn0cRXEX3yAu55uA?authuser=0&hl=de&rclk=1
346,Friseur & Beauty Motschiedler,90449,"Südwestpark 76, 90449 Nürnberg",4.6,118,2–5,2,5,3.5,2.88,4.496,Zwei bis fünf Bewertungen aufgrund von Beschwerden wegen Diffamierung entfernt.,https://www.google.com/maps/place/Friseur+%26+Beauty+Motschiedler/data=!4m7!3m6!1s0x479f56bc4ac67819:0x1e22c277d8003c77!8m2!3d49.4286554!4d11.0179442!16s%2Fg%2F11j7dzn_ln!19sChIJGXjGSrxWn0cRdzwA2HfCIh4?authuser=0&hl=de&rclk=1
347,What's Up BJJ Nürnberg,90480,"Waldluststraße 125a, 90480 Nürnberg",5,111,2–5,2,5,3.5,3.06,4.878,Zwei bis fünf Bewertungen aufgrund von Beschwerden wegen Diffamierung entfernt.,https://www.google.com/maps/place/What%27s+Up+BJJ+N%C3%BCrnberg/data=!4m7!3m6!1s0x479f579d3fd039bd:0x2b7a1fbc43c161c6!8m2!3d49.4424719!4d11.1238059!16s%2Fg%2F11q3tk7gbk!19sChIJvTnQP51Xn0cRxmHBQ7wfeis?authuser=0&hl=de&rclk=1
348,TierStadt GmbH,90469,"Valentin-Dretzel-Straße 13, 90469 Nürnberg",4.9,108,2–5,2,5,3.5,3.14,4.778,Zwei bis fünf Bewertungen aufgrund von Beschwerden wegen Diffamierung entfernt.,https://www.google.com/maps/place/TierStadt+GmbH/data=!4m7!3m6!1s0x479f57efcbe88c45:0xf8e26edfadf33dbd!8m2!3d49.4060684!4d11.0864262!16s%2Fg%2F11js5w5dv4!19sChIJRYzoy-9Xn0cRvT3zrd9u4vg?authuser=0&hl=de&rclk=1
349,Rebels Martial Arts - Fitness und Kampfsport,90489,"Bartholomäusstraße 16, 90489 Nürnberg",4.8,106,2–5,2,5,3.5,3.2,4.679,Zwei bis fünf Bewertungen aufgrund von Beschwerden wegen Diffamierung entfernt.,https://www.google.com/maps/place/Rebels+Martial+Arts+-+Fitness+und+Kampfsport/data=!4m7!3m6!1s0x479f57bf4594e789:0x9b5084f34c12ef53!8m2!3d49.4554667!4d11.1009808!16s%2Fg%2F11bwm5hfv5!19sChIJieeURb9Xn0cRU-8STPOEUJs?authuser=0&hl=de&rclk=1
350,Hotelkonkurrenz,90409,"Äußere Bayreuther Str. 49, 90409 Nürnberg",4.7,105,2–5,2,5,3.5,3.23,4.581,Zwei bis fünf Bewertungen aufgrund von Beschwerden wegen Diffamierung entfernt.,https://www.google.com/maps/place/Hotelkonkurrenz/data=!4m10!3m9!1s0x479f570dcadafaa7:0x5473a338f0fa77fc!5m2!4m1!1i2!8m2!3d49.4677574!4d11.0983663!16s%2Fg%2F11x0hspf8v!19sChIJp_rayg1Xn0cR_Hf68Dijc1Q?authuser=0&hl=de&rclk=1
351,"Team-Stein Nürnberg, Grabsteine Gut & Pas",90471,"Wettersteinstraße 51, 90471 Nürnberg",5,103,2–5,2,5,3.5,3.29,4.869,Zwei bis fünf Bewertungen aufgrund von Beschwerden wegen Diffamierung entfernt.,"https://www.google.com/maps/place/Team-Stein+N%C3%BCrnberg,+Grabsteine+Gut+%26+Pas/data=!4m7!3m6!1s0x479f59f2103414a7:0xde4c66784fd5580f!8m2!3d49.4113223!4d11.1207043!16s%2Fg%2F11btmq48wl!19sChIJpxQ0EPJZn0cRD1jVT3hmTN4?authuser=0&hl=de&rclk=1"
352,HELAN FRISEUR,90489,"Stresemannpl. 2, 90489 Nürnberg",5,97,2–5,2,5,3.5,3.48,4.861,Zwei bis fünf Bewertungen aufgrund von Beschwerden wegen Diffamierung entfernt.,https://www.google.com/maps/place/HELAN+FRISEUR/data=!4m7!3m6!1s0x479f57521df9d1d1:0xff87b58918987089!8m2!3d49.4584514!4d11.0960148!16s%2Fg%2F11xyq6qbxf!19sChIJ0dH5HVJXn0cRiXCYGIm1h_8?authuser=0&hl=de&rclk=1
353,Neues Transpla Haar,90403,"Hauptmarkt 2, 90403 Nürnberg",4.9,97,2–5,2,5,3.5,3.48,4.764,Zwei bis fünf Bewertungen aufgrund von Beschwerden wegen Diffamierung entfernt.,https://www.google.com/maps/place/Neues+Transpla+Haar/data=!4m7!3m6!1s0x479f57af6244e96f:0xa0d0676b249eaab9!8m2!3d49.452961!4d11.0776416!16s%2Fg%2F1thbvnl8!19sChIJb-lEYq9Xn0cRuaqeJGtn0KA?authuser=0&hl=de&rclk=1
354,Wendy Glam & Beauty - Haarglättung & Haarverlängerung Nürnberg,90402,"Breite G. 94/2 Stock, 90402 Nürnberg",4.8,97,2–5,2,5,3.5,3.48,4.668,Zwei bis fünf Bewertungen aufgrund von Beschwerden wegen Diffamierung entfernt.,https://www.google.com/maps/place/Wendy+Glam+%26+Beauty+-+Haargl%C3%A4ttung+%26+Haarverl%C3%A4ngerung+N%C3%BCrnberg/data=!4m7!3m6!1s0x479f57a8830d3ba9:0x1163ce617762d449!8m2!3d49.4504868!4d11.0714912!16s%2Fg%2F11cm7606h2!19sChIJqTsNg6hXn0cRSdRid2HOYxE?authuser=0&hl=de&rclk=1
355,King Barbershop,90443,"Gibitzenhofstraße 49, 90443 Nürnberg",4.8,96,2–5,2,5,3.5,3.52,4.666,Zwei bis fünf Bewertungen aufgrund von Beschwerden wegen Diffamierung entfernt.,https://www.google.com/maps/place/King+Barbershop/data=!4m7!3m6!1s0x479f57b742591adb:0xccb8eb942056ac08!8m2!3d49.4390879!4d11.0672457!16s%2Fg%2F11mvlvcsm6!19sChIJ2xpZQrdXn0cRCKxWIJTruMw?authuser=0&hl=de&rclk=1
356,Fight Academy Nürnberg,90439,"Rothenburger Str. 149, 90439 Nürnberg",5,95,2–5,2,5,3.5,3.55,4.858,Zwei bis fünf Bewertungen aufgrund von Beschwerden wegen Diffamierung entfernt.,https://www.google.com/maps/place/Fight+Academy+N%C3%BCrnberg/data=!4m7!3m6!1s0x479f575048948353:0x9be2d5bfe9c20854!8m2!3d49.4419678!4d11.0502202!16s%2Fg%2F11wnpf7_gf!19sChIJU4OUSFBXn0cRVAjC6b_V4ps?authuser=0&hl=de&rclk=1
357,TZL Therapiezentrum Langwasser GmbH,90471,"Thomas-Mann-Straße 62, 90471 Nürnberg",4.8,93,2–5,2,5,3.5,3.63,4.662,Zwei bis fünf Bewertungen aufgrund von Beschwerden wegen Diffamierung entfernt.,https://www.google.com/maps/place/TZL+Therapiezentrum+Langwasser+GmbH/data=!4m7!3m6!1s0x479f594591e4a63b:0x4402213b0d1318d1!8m2!3d49.414387!4d11.1381821!16s%2Fg%2F11jbm215t8!19sChIJO6bkkUVZn0cR0RgTDTshAkQ?authuser=0&hl=de&rclk=1
358,Ritzenberger Petfood GmbH & Co. KG,90571,"Haimendorfer Str. 14-16, 90571 Schwaig bei Nürnberg",4.4,90,2–5,2,5,3.5,3.74,4.273,Zwei bis fünf Bewertungen aufgrund von Beschwerden wegen Diffamierung entfernt.,https://www.google.com/maps/place/Ritzenberger+Petfood+GmbH+%26+Co.+KG/data=!4m7!3m6!1s0x479f5898469205b5:0xc202645d52c8a2dd!8m2!3d49.4661021!4d11.2023051!16s%2Fg%2F11b5wm_3cc!19sChIJtQWSRphYn0cR3aLIUl1kAsI?authuser=0&hl=de&rclk=1
359,KARL - Wein trifft feine Küche,90403,"Hauptmarkt 16, 90403 Nürnberg",4.7,89,2–5,2,5,3.5,3.78,4.56,Zwei bis fünf Bewertungen aufgrund von Beschwerden wegen Diffamierung entfernt.,https://www.google.com/maps/place/KARL+-+Wein+trifft+feine+K%C3%BCche/data=!4m7!3m6!1s0x479f570f06780047:0x3f53f6ce977e9ce8!8m2!3d49.454273!4d11.0779483!16s%2Fg%2F11vzsngnht!19sChIJRwB4Bg9Xn0cR6Jx-l872Uz8?authuser=0&hl=de&rclk=1
360,Nordost - die Cannabis Apotheke Nürnberg,90409,"Äußere Bayreuther Str. 105, 90409 Nürnberg",4.5,88,2–5,2,5,3.5,3.83,4.366,Zwei bis fünf Bewertungen aufgrund von Beschwerden wegen Diffamierung entfernt.,https://www.google.com/maps/place/Nordost+-+die+Cannabis+Apotheke+N%C3%BCrnberg/data=!4m7!3m6!1s0x479f570c4a4c04e5:0x256870303fae047!8m2!3d49.4718456!4d11.102062!16s%2Fg%2F11y3sgfbyp!19sChIJ5QRMSgxXn0cRR-D6AwOHVgI?authuser=0&hl=de&rclk=1
361,Smoke'N'Go,90459,"Wölckernstraße 21, 90459 Nürnberg",4.8,86,2–5,2,5,3.5,3.91,4.651,Zwei bis fünf Bewertungen aufgrund von Beschwerden wegen Diffamierung entfernt.,https://www.google.com/maps/place/Smoke%27N%27Go/data=!4m7!3m6!1s0x479f57a34cec4dc7:0x2b416c505ce4c3e9!8m2!3d49.4407016!4d11.0825648!16s%2Fg%2F11vbzy81bn!19sChIJx03sTKNXn0cR6cPkXFBsQSs?authuser=0&hl=de&rclk=1
362,AS Haarstudio | HAAR- UND LASERSTUDIO,90409,"Äußere Bayreuther Str. 103, 90409 Nürnberg",4.9,85,2–5,2,5,3.5,3.95,4.746,Zwei bis fünf Bewertungen aufgrund von Beschwerden wegen Diffamierung entfernt.,https://www.google.com/maps/place/AS+Haarstudio+%7C+HAAR-+UND+LASERSTUDIO/data=!4m7!3m6!1s0x479f57ec271495ef:0xbc250b044a01db70!8m2!3d49.4716695!4d11.102034!16s%2Fg%2F11tt925qcc!19sChIJ75UUJ-xXn0cRcNsBSgQLJbw?authuser=0&hl=de&rclk=1
363,Hotel Scheunenwerk - Nürnberg Nord,90562,"Hauptstraße 19, 90562 Heroldsberg",4.4,84,2–5,2,5,3.5,4,4.264,Zwei bis fünf Bewertungen aufgrund von Beschwerden wegen Diffamierung entfernt.,https://www.google.com/maps/place/Hotel+Scheunenwerk+-+N%C3%BCrnberg+Nord/data=!4m10!3m9!1s0x47a1e38a70043d13:0x9b3926361d7f6911!5m2!4m1!1i2!8m2!3d49.5368512!4d11.1556875!16s%2Fg%2F1tj9sbp1!19sChIJEz0EcIrjoUcREWl_HTYmOZs?authuser=0&hl=de&rclk=1
364,Restaurant- Pizzeria Passaparola,90453,"Katzwanger Hauptstraße 47, 90453 Nürnberg",4.8,84,2–5,2,5,3.5,4,4.648,Zwei bis fünf Bewertungen aufgrund von Beschwerden wegen Diffamierung entfernt.,https://www.google.com/maps/place/Restaurant-+Pizzeria+Passaparola/data=!4m7!3m6!1s0x479f51df995d9c85:0x48219536b323a37c!8m2!3d49.3601105!4d11.0505479!16s%2Fg%2F11ybmfvz3r!19sChIJhZxdmd9Rn0cRfKMjszaVIUg?authuser=0&hl=de&rclk=1
365,Pearl Pilates & Beauty,90459,"Galvanistraße 40, 90459 Nürnberg",4.8,83,2–5,2,5,3.5,4.05,4.646,Zwei bis fünf Bewertungen aufgrund von Beschwerden wegen Diffamierung entfernt.,https://www.google.com/maps/place/Pearl+Pilates+%26+Beauty/data=!4m7!3m6!1s0x479f571312d07c15:0x2edac225d4eb92c!8m2!3d49.4327303!4d11.0837851!16s%2Fg%2F11c588lycr!19sChIJFXzQEhNXn0cRLLlOXSKs7QI?authuser=0&hl=de&rclk=1
366,Friseurteam Kukla,90451,"Gottlieb-von-Merkel-Weg 25, 90451 Nürnberg",4.9,81,2–5,2,5,3.5,4.14,4.738,Zwei bis fünf Bewertungen aufgrund von Beschwerden wegen Diffamierung entfernt.,https://www.google.com/maps/place/Friseurteam+Kukla/data=!4m7!3m6!1s0x479f512d05e2171d:0xf5d1431cbf67b353!8m2!3d49.40697!4d11.03432!16s%2Fg%2F1ptwx_sq4!19sChIJHRfiBS1Rn0cRU7NnvxxD0fU?authuser=0&hl=de&rclk=1
367,Glaserei Martin Hausmann,90449,"Gebersdorfer Str. 69, 90449 Nürnberg",4.9,81,2–5,2,5,3.5,4.14,4.738,Zwei bis fünf Bewertungen aufgrund von Beschwerden wegen Diffamierung entfernt.,https://www.google.com/maps/place/Glaserei+Martin+Hausmann/data=!4m7!3m6!1s0x479f5132549eaa47:0x335f515e9cc4cec7!8m2!3d49.4211848!4d11.0135402!16s%2Fg%2F1hc5pnpv7!19sChIJR6qeVDJRn0cRx87EnF5RXzM?authuser=0&hl=de&rclk=1
368,POWERBOX - EMS TRAINING,90431,"Seeleinsbühlstraße 20, 90431 Nürnberg",5,80,2–5,2,5,3.5,4.19,4.832,Zwei bis fünf Bewertungen aufgrund von Beschwerden wegen Diffamierung entfernt.,https://www.google.com/maps/place/POWERBOX+-+EMS+TRAINING/data=!4m7!3m6!1s0x479f565df4371c9d:0x464a039a2e63a4b9!8m2!3d49.455159!4d11.038027!16s%2Fg%2F11b7hqktky!19sChIJnRw39F1Wn0cRuaRjLpoDSkY?authuser=0&hl=de&rclk=1
369,Admira Apotheke Nürnberg,90429,"Fürther Str. 187, 90429 Nürnberg",4.8,77,2–5,2,5,3.5,4.35,4.635,Zwei bis fünf Bewertungen aufgrund von Beschwerden wegen Diffamierung entfernt.,https://www.google.com/maps/place/Admira+Apotheke+N%C3%BCrnberg/data=!4m7!3m6!1s0x479f565d8b3a5ca1:0x468cdd8ed950a40a!8m2!3d49.4567613!4d11.0367477!16s%2Fg%2F1thbvnkn!19sChIJoVw6i11Wn0cRCqRQ2Y7djEY?authuser=0&hl=de&rclk=1
370,Metzgerei & Feinkost Fischer GmbH,90459,"Pillenreuther Str. 53, 90459 Nürnberg",4.8,76,2–5,2,5,3.5,4.4,4.633,Zwei bis fünf Bewertungen aufgrund von Beschwerden wegen Diffamierung entfernt.,https://www.google.com/maps/place/Metzgerei+%26+Feinkost+Fischer+GmbH/data=!4m7!3m6!1s0x479f570c89704929:0x84e231564a20f2e7!8m2!3d49.439639!4d11.0824057!16s%2Fg%2F1tdg6sw_!19sChIJKUlwiQxXn0cR5_IgSlYx4oQ?authuser=0&hl=de&rclk=1
371,CrossFit District Eighteen in Nürnberg,90441,"Industriestraße 27, 90441 Nürnberg",4.9,75,2–5,2,5,3.5,4.46,4.726,Zwei bis fünf Bewertungen aufgrund von Beschwerden wegen Diffamierung entfernt.,https://www.google.com/maps/place/CrossFit+District+Eighteen+in+N%C3%BCrnberg/data=!4m7!3m6!1s0x479f573ec31c4719:0xcfe25fc4ee4909dd!8m2!3d49.4318815!4d11.0580099!16s%2Fg%2F11np5y_h87!19sChIJGUccwz5Xn0cR3QlJ7sRf4s8?authuser=0&hl=de&rclk=1
372,Pension Bauer Nürnberg,90441,"Friesenstraße 3, 90441 Nürnberg",4.2,71,2–5,2,5,3.5,4.7,4.05,Zwei bis fünf Bewertungen aufgrund von Beschwerden wegen Diffamierung entfernt.,https://www.google.com/maps/place/Pension+Bauer+N%C3%BCrnberg/data=!4m10!3m9!1s0x479f56e75f222f29:0x27296e3561ea5ae0!5m2!4m1!1i2!8m2!3d49.4292694!4d11.0446662!16s%2Fg%2F1td9crsm!19sChIJKS8iX-dWn0cR4FrqYTVuKSc?authuser=0&hl=de&rclk=1
373,Bestform-Physiotherapie,90402,"Karl-Grillenberger-Straße 1, 90402 Nürnberg",5,70,2–5,2,5,3.5,4.76,4.81,Zwei bis fünf Bewertungen aufgrund von Beschwerden wegen Diffamierung entfernt.,https://www.google.com/maps/place/Bestform-Physiotherapie/data=!4m7!3m6!1s0x479f57aeb2de01af:0x9797380424ffc4e9!8m2!3d49.4521196!4d11.0709684!16s%2Fg%2F11xk4h0gg!19sChIJrwHesq5Xn0cR6cT_JAQ4l5c?authuser=0&hl=de&rclk=1
374,Hotel Sandkorn,90403,"Josephspl. 30, 90403 Nürnberg",4.9,68,2–5,2,5,3.5,4.9,4.709,Zwei bis fünf Bewertungen aufgrund von Beschwerden wegen Diffamierung entfernt.,https://www.google.com/maps/place/Hotel+Sandkorn/data=!4m10!3m9!1s0x479f57a9b8bd8671:0x93a306ca19410671!5m2!4m1!1i2!8m2!3d49.4514433!4d11.072184!16s%2Fg%2F11xgfrns2n!19sChIJcYa9uKlXn0cRcQZBGcoGo5M?authuser=0&hl=de&rclk=1
375,Nola Café,90461,"Frankenstraße 141, 90461 Nürnberg",5,65,2–5,2,5,3.5,5.11,4.796,Zwei bis fünf Bewertungen aufgrund von Beschwerden wegen Diffamierung entfernt.,https://www.google.com/maps/place/Nola+Caf%C3%A9/data=!4m7!3m6!1s0x479f577314e03221:0xb710455bacca60ea!8m2!3d49.4294833!4d11.0855195!16s%2Fg%2F11myd2xn80!19sChIJITLgFHNXn0cR6mDKrFtFELc?authuser=0&hl=de&rclk=1
376,Bauernladen Zimmermann,90455,"Johannes-Brahms-Straße / Ecke, Penzendorfer Str., 90455 Nürnberg",4.8,64,2–5,2,5,3.5,5.19,4.603,Zwei bis fünf Bewertungen aufgrund von Beschwerden wegen Diffamierung entfernt.,"https://www.google.com/maps/place/Bauernladen+Zimmermann/@49.3498591,11.0577518,17z/data=!3m1!4b1!4m6!3m5!1s0x479f506c1a4b113d:0xa24ced1fa01b1c87!8m2!3d49.3498591!4d11.0577518!16s%2Fg%2F11dz_zkxqd?entry=ttu&g_ep=EgoyMDI2MDUxMC4wIKXMDSoASAFQAw%3D%3D&hl=de"
377,Hair Art by Anna Siebel,90429,"Roonstraße 26, 90429 Nürnberg",4.9,64,2–5,2,5,3.5,5.19,4.698,Zwei bis fünf Bewertungen aufgrund von Beschwerden wegen Diffamierung entfernt.,https://www.google.com/maps/place/Hair+Art+by+Anna+Siebel/data=!4m7!3m6!1s0x479f57180fbe509f:0x549775ad2b7fda00!8m2!3d49.4507873!4d11.0594401!16s%2Fg%2F11mcj3bj5j!19sChIJn1C-DxhXn0cRANp_K611l1Q?authuser=0&hl=de&rclk=1
378,Shappo Friseur - Barbershop,90439,"Von-der-Tann-Straße 153, 90439 Nürnberg",4.7,64,2–5,2,5,3.5,5.19,4.508,Zwei bis fünf Bewertungen aufgrund von Beschwerden wegen Diffamierung entfernt.,https://www.google.com/maps/place/Shappo+Friseur+-+Barbershop/data=!4m7!3m6!1s0x479f57f8493be0b3:0x4d5f3b26eee386e0!8m2!3d49.4393819!4d11.036646!16s%2Fg%2F11h6fzwb35!19sChIJs-A7SfhXn0cR4Ibj7iY7X00?authuser=0&hl=de&rclk=1
379,Malteser-Apotheke,90408,"Rollnerstraße 30, 90408 Nürnberg",4.7,58,2–5,2,5,3.5,5.69,4.489,Zwei bis fünf Bewertungen aufgrund von Beschwerden wegen Diffamierung entfernt.,https://www.google.com/maps/place/Malteser-Apotheke/data=!4m7!3m6!1s0x479f57b99530fe4d:0x7ef0386bb00ad2f1!8m2!3d49.4619067!4d11.0826312!16s%2Fg%2F1tcvsvsn!19sChIJTf4wlblXn0cR8dIKsGs48H4?authuser=0&hl=de&rclk=1
380,Bombhair,90453,"Einsteinring 33, 90453 Nürnberg",5,56,2–5,2,5,3.5,5.88,4.765,Zwei bis fünf Bewertungen aufgrund von Beschwerden wegen Diffamierung entfernt.,https://www.google.com/maps/place/Bombhair/data=!4m7!3m6!1s0x479f57dd10c2ccb7:0x32d620f2e259b63d!8m2!3d49.3916875!4d11.0332692!16s%2Fg%2F11jd9w7y4d!19sChIJt8zCEN1Xn0cRPbZZ4vIg1jI?authuser=0&hl=de&rclk=1
381,VIVA Aesthetic Hair GmbH,90425,"Kilianstraße 117a, 90425 Nürnberg",4.9,56,2–5,2,5,3.5,5.88,4.671,Zwei bis fünf Bewertungen aufgrund von Beschwerden wegen Diffamierung entfernt.,"https://www.google.com/maps/place/VIVA+Aesthetic+Hair+GmbH/@49.4740505,11.0739974,17z/data=!3m1!4b1!4m6!3m5!1s0x479f57528547b4e3:0x4df99175da19653!8m2!3d49.4740505!4d11.0739974!16s%2Fg%2F11fb0w2zwy?entry=ttu&g_ep=EgoyMDI2MDUxMC4wIKXMDSoASAFQAw%3D%3D&hl=de"
382,Wilhelm Busch Apotheke,90461,"Allersberger Str. 81, 90461 Nürnberg",4.9,56,2–5,2,5,3.5,5.88,4.671,Zwei bis fünf Bewertungen aufgrund von Beschwerden wegen Diffamierung entfernt.,https://www.google.com/maps/place/Wilhelm+Busch+Apotheke/data=!4m7!3m6!1s0x479f577472091173:0x585584c374d60624!8m2!3d49.4406083!4d11.0905647!16s%2Fg%2F1tdxd8cj!19sChIJcxEJcnRXn0cRJAbWdMOEVVg?authuser=0&hl=de&rclk=1
383,Pluspunkt Apotheke im Mercado,90491,"Äußere Bayreuther Str. 80, 90491 Nürnberg",4.4,55,2–5,2,5,3.5,5.98,4.197,Zwei bis fünf Bewertungen aufgrund von Beschwerden wegen Diffamierung entfernt.,https://www.google.com/maps/place/Pluspunkt+Apotheke+im+Mercado/data=!4m7!3m6!1s0x479f57ea2da68833:0xd7edc35c8c3967c5!8m2!3d49.4699468!4d11.1014058!16s%2Fg%2F1tcvydnp!19sChIJM4imLepXn0cRxWc5jFzD7dc?authuser=0&hl=de&rclk=1
384,easyApotheke Laufamholzstraße,90482,"Laufamholzstraße 114, 90482 Nürnberg",4.5,53,2–5,2,5,3.5,6.19,4.283,Zwei bis fünf Bewertungen aufgrund von Beschwerden wegen Diffamierung entfernt.,https://www.google.com/maps/place/easyApotheke+Laufamholzstra%C3%9Fe/data=!4m7!3m6!1s0x479f5814f653cf57:0x541d713e5f804a22!8m2!3d49.463684!4d11.1462005!16s%2Fg%2F1tdypsl6!19sChIJV89T9hRYn0cRIkqAXz5xHVQ?authuser=0&hl=de&rclk=1
385,CHeeZY Burger & Fries,90763,"Flößaustraße 60, 90763 Fürth",4.9,52,2–5,2,5,3.5,6.31,4.654,Zwei bis fünf Bewertungen aufgrund von Beschwerden wegen Diffamierung entfernt.,https://www.google.com/maps/place/CHeeZY+Burger+%26+Fries/data=!4m7!3m6!1s0x479f550006e4e48b:0x1f253beaff575145!8m2!3d49.4615297!4d10.9907471!16s%2Fg%2F11n9c6p61d!19sChIJi-TkBgBVn0cRRVFX_-o7JR8?authuser=0&hl=de&rclk=1
386,IMILUV Studio - Reformer Pilates & Barre Workout,90409,"Carlina Offices, Schopenhauerstraße 10, 90409 Nürnberg",4.9,47,2–5,2,5,3.5,6.93,4.63,Zwei bis fünf Bewertungen aufgrund von Beschwerden wegen Diffamierung entfernt.,https://www.google.com/maps/place/IMILUV+Studio+-+Reformer+Pilates+%26+Barre+Workout/data=!4m7!3m6!1s0x479f5718074245b3:0x1e20eb84964f8cd5!8m2!3d49.4679707!4d11.0895699!16s%2Fg%2F11wc8t7z5p!19sChIJs0VCBxhXn0cR1YxPloTrIB4?authuser=0&hl=de&rclk=1
387,Dance Cube Tanzschule Nürnberg,90482,"Freiligrathstraße 8A, 90482 Nürnberg",4.8,46,2–5,2,5,3.5,7.07,4.531,Zwei bis fünf Bewertungen aufgrund von Beschwerden wegen Diffamierung entfernt.,https://www.google.com/maps/place/Dance+Cube+Tanzschule+N%C3%BCrnberg/data=!4m7!3m6!1s0x479f5822d29ad5ad:0x1ee76b62e6938edd!8m2!3d49.4594615!4d11.1339499!16s%2Fg%2F1tcw7542!19sChIJrdWa0iJYn0cR3Y6T5mJr5x4?authuser=0&hl=de&rclk=1
388,Hotel Elisei,90489,"Mathildenstraße 13, 90489 Nürnberg",4.5,44,2–5,2,5,3.5,7.37,4.242,Zwei bis fünf Bewertungen aufgrund von Beschwerden wegen Diffamierung entfernt.,https://www.google.com/maps/place/Hotel+Elisei/data=!4m10!3m9!1s0x479f57b6502534c9:0xce165f1ca9323990!5m2!4m1!1i2!8m2!3d49.4605157!4d11.1003367!16s%2Fg%2F11lcbk23fy!19sChIJyTQlULZXn0cRkDkyqRxfFs4?authuser=0&hl=de&rclk=1
389,Fries Fabrique,90402,"Königstraße 79, 90402 Nürnberg",4.7,41,2–5,2,5,3.5,7.87,4.409,Zwei bis fünf Bewertungen aufgrund von Beschwerden wegen Diffamierung entfernt.,https://www.google.com/maps/place/Fries+Fabrique/data=!4m7!3m6!1s0x479f57005592a7ad:0x6741eb48deb48c1f!8m2!3d49.448386!4d11.0808739!16s%2Fg%2F11z5pf3cgm!19sChIJraeSVQBXn0cRH4y03kjrQWc?authuser=0&hl=de&rclk=1
390,Medic-Center Stein Schloss,90449,"Ansbacher Str. 132, 90449 Nürnberg",4.8,40,2–5,2,5,3.5,8.05,4.494,Zwei bis fünf Bewertungen aufgrund von Beschwerden wegen Diffamierung entfernt.,https://www.google.com/maps/place/Medic-Center+Stein+Schloss/data=!4m7!3m6!1s0x479f56b7d0318a65:0xd95ceedd45192d44!8m2!3d49.4186232!4d11.0219683!16s%2Fg%2F1tczpc0z!19sChIJZYox0LdWn0cRRC0ZRd3uXNk?authuser=0&hl=de&rclk=1
391,SichtbarerWerden GmbH,90425,"Hohenbuckstraße 3, 90425 Nürnberg",4.8,37,2–5,2,5,3.5,8.64,4.472,Zwei bis fünf Bewertungen aufgrund von Beschwerden wegen Diffamierung entfernt.,https://www.google.com/maps/place/SichtbarerWerden+GmbH/data=!4m7!3m6!1s0x479f56412816952b:0x6aef78627c2f8834!8m2!3d49.4669563!4d11.0480685!16s%2Fg%2F11fxvydbwg!19sChIJK5UWKEFWn0cRNIgvfGJ472o?authuser=0&hl=de&rclk=1
392,METROPOL Fitness,90480,"Regensburger Str. 336, 90480 Nürnberg",4.8,36,2–5,2,5,3.5,8.86,4.463,Zwei bis fünf Bewertungen aufgrund von Beschwerden wegen Diffamierung entfernt.,https://www.google.com/maps/place/METROPOL+Fitness/data=!4m7!3m6!1s0x479f5976ed0abab3:0xad4d80583974bad9!8m2!3d49.4325106!4d11.1301601!16s%2Fg%2F11wc0pnw6v!19sChIJs7oK7XZZn0cR2bp0OViATa0?authuser=0&hl=de&rclk=1
393,Balkan Bäckerei & Konditorei Premium,90431,"Höfener Str. 97, 90431 Nürnberg",4.9,33,2–5,2,5,3.5,9.59,4.526,Zwei bis fünf Bewertungen aufgrund von Beschwerden wegen Diffamierung entfernt.,https://www.google.com/maps/place/Balkan+B%C3%A4ckerei+%26+Konditorei+Premium/data=!4m7!3m6!1s0x479f55b35fd9ed5b:0xac711c4aa96fc47c!8m2!3d49.4564325!4d11.0098316!16s%2Fg%2F11x77qrcwt!19sChIJW-3ZX7NVn0cRfMRvqUoccaw?authuser=0&hl=de&rclk=1
394,Escape Room Nürnberg Outdoor - Epic Escape,90403,"Plobenhofstraße 1, 90403 Nürnberg",4.9,30,2–5,2,5,3.5,10.45,4.493,Zwei bis fünf Bewertungen aufgrund von Beschwerden wegen Diffamierung entfernt.,https://www.google.com/maps/place/Escape+Room+N%C3%BCrnberg+Outdoor+-+Epic+Escape/data=!4m7!3m6!1s0x479f57909a16fc49:0xb76072e0ddf2f84e!8m2!3d49.4529438!4d11.0778846!16s%2Fg%2F11v57b76y1!19sChIJSfwWmpBXn0cRTvjy3eByYLc?authuser=0&hl=de&rclk=1
395,vtg - Vermietungs- und Immobilien Treuhandgesellschaft mbH,90482,"Freiligrathstraße 8, 90482 Nürnberg",5,28,2–5,2,5,3.5,11.11,4.556,Zwei bis fünf Bewertungen aufgrund von Beschwerden wegen Diffamierung entfernt.,https://www.google.com/maps/place/vtg+-+Vermietungs-+und+Immobilien+Treuhandgesellschaft+mbH/data=!4m7!3m6!1s0x479f5822d29ad5ad:0xc9d2177001725572!8m2!3d49.4593721!4d11.1337822!16s%2Fg%2F1tf8621w!19sChIJrdWa0iJYn0cRclVyAXAX0sk?authuser=0&hl=de&rclk=1
396,Bosta Kaffee GmbH,90441,"Löffelholzstraße 20, 90441 Nürnberg",5,27,2–5,2,5,3.5,11.48,4.541,Zwei bis fünf Bewertungen aufgrund von Beschwerden wegen Diffamierung entfernt.,https://www.google.com/maps/place/Bosta+Kaffee+GmbH/data=!4m7!3m6!1s0x479f5718ec452ef7:0xd4ead0ce0f8e0960!8m2!3d49.4245241!4d11.0684456!16s%2Fg%2F11smny7xtm!19sChIJ9y5F7BhXn0cRYAmOD87Q6tQ?authuser=0&hl=de&rclk=1
397,Anytime Pilates Studio,90402,"Reindelstraße 13, 90402 Nürnberg",4.2,25,2–5,2,5,3.5,12.28,3.807,Zwei bis fünf Bewertungen aufgrund von Beschwerden wegen Diffamierung entfernt.,https://www.google.com/maps/place/Anytime+Pilates+Studio/data=!4m7!3m6!1s0x479f570018422d8d:0xbf21f56324357534!8m2!3d49.4484529!4d11.0906307!16s%2Fg%2F11x_pdr2xp!19sChIJjS1CGABXn0cRNHU1JGP1Ib8?authuser=0&hl=de&rclk=1
398,MediCare Personalmanagement GmbH,90482,"Ostendstraße 186, 90482 Nürnberg",5,25,2–5,2,5,3.5,12.28,4.509,Zwei bis fünf Bewertungen aufgrund von Beschwerden wegen Diffamierung entfernt.,https://www.google.com/maps/place/MediCare+Personalmanagement+GmbH/data=!4m7!3m6!1s0x479f570cf3b7eb7d:0x80262b833624aa61!8m2!3d49.4580541!4d11.1264926!16s%2Fg%2F11spqgq4fw!19sChIJfeu38wxXn0cRYaokNoMrJoA?authuser=0&hl=de&rclk=1
399,Der Kuhstall - Altstadtfest Nürnberg,90403,"Vordere Insel Schütt 8, 90403 Nürnberg",4.7,24,2–5,2,5,3.5,12.73,4.229,Zwei bis fünf Bewertungen aufgrund von Beschwerden wegen Diffamierung entfernt.,https://www.google.com/maps/place/Der+Kuhstall+-+Altstadtfest+N%C3%BCrnberg/data=!4m7!3m6!1s0x479f57f947e58acb:0x9dbb5e28ea9bbed6!8m2!3d49.4529113!4d11.0825214!16s%2Fg%2F11s6tyyg3k!19sChIJy4rlR_lXn0cR1r6b6iheu50?authuser=0&hl=de&rclk=1
400,TÜV NORD Station Nürnberg-Südwestpark (Ingenieurbüro Heusinger von Waldegge GmbH),90449,"Willstätterstraße 22, 90449 Nürnberg",4.8,24,2–5,2,5,3.5,12.73,4.316,Zwei bis fünf Bewertungen aufgrund von Beschwerden wegen Diffamierung entfernt.,https://www.google.com/maps/place/T%C3%9CV+NORD+Station+N%C3%BCrnberg-S%C3%BCdwestpark+%28Ingenieurb%C3%BCro+Heusinger+von+Waldegge+GmbH%29/data=!4m7!3m6!1s0x479f57d0e632039f:0x95beb874952c6f13!8m2!3d49.4279715!4d11.0178963!16s%2Fg%2F11tjpwffhb!19sChIJnwMy5tBXn0cRE28slXS4vpU?authuser=0&hl=de&rclk=1
401,FairCare - Ambulanter Pflegedienst,90478,"Gleimstraße 3, 90478 Nürnberg",5,23,2–5,2,5,3.5,13.21,4.472,Zwei bis fünf Bewertungen aufgrund von Beschwerden wegen Diffamierung entfernt.,https://www.google.com/maps/place/FairCare+-+Ambulanter+Pflegedienst/data=!4m7!3m6!1s0x8350295e4f552585:0xbe7a3d5e53d15779!8m2!3d49.4383616!4d11.1150049!16s%2Fg%2F11khs6_v9r!19sChIJhSVVT14pUIMReVfRU149er4?authuser=0&hl=de&rclk=1
402,wpunkt Messebau GmbH | Messebau Nürnberg,90449,"Gebersdorfer Str. 69, 90449 Nürnberg",5,23,2–5,2,5,3.5,13.21,4.472,Zwei bis fünf Bewertungen aufgrund von Beschwerden wegen Diffamierung entfernt.,https://www.google.com/maps/place/wpunkt+Messebau+GmbH+%7C+Messebau+N%C3%BCrnberg/data=!4m7!3m6!1s0x479f56b084f4c237:0x890a66c682360a5f!8m2!3d49.4211848!4d11.0135402!16s%2Fg%2F1tj2mg6v!19sChIJN8L0hLBWn0cRXwo2gsZmCok?authuser=0&hl=de&rclk=1
403,Wolf Fleischerei-Fachgeschäft mit Heisser Wolf Restaurant,90449,"Dombühler Str. 9, 90449 Nürnberg",4.3,22,2–5,2,5,3.5,13.73,3.847,Zwei bis fünf Bewertungen aufgrund von Beschwerden wegen Diffamierung entfernt.,https://www.google.com/maps/place/Wolf+Fleischerei-Fachgesch%C3%A4ft+mit+Heisser+Wolf+Restaurant/data=!4m7!3m6!1s0x479f56c5b8fd7e2d:0x6a99f16a9d279ff7!8m2!3d49.4214308!4d11.031922!16s%2Fg%2F1tjs3yfz!19sChIJLX79uMVWn0cR958nnWrxmWo?authuser=0&hl=de&rclk=1
404,Monteurunterkunft Wolkersdorf (bei Nürnberg),91126,"Am Wasserschloß 2, 91126 Schwabach",3.1,21,2–5,2,5,3.5,14.29,2.8,Zwei bis fünf Bewertungen aufgrund von Beschwerden wegen Diffamierung entfernt.,https://www.google.com/maps/place/Monteurunterkunft+Wolkersdorf+%28bei+N%C3%BCrnberg%29/data=!4m10!3m9!1s0x479f51acd2cbffff:0xadcb375886e0fc0f!5m2!4m1!1i2!8m2!3d49.3616054!4d11.0273188!16s%2Fg%2F11n8p44pfb!19sChIJ___L0qxRn0cRD_zghlg3y60?authuser=0&hl=de&rclk=1
405,Die Kirschbohne Kaffeerösterei / KRS-Service,90441,"Nimrodstraße 9/Haus 3, 90441 Nürnberg",4.9,15,2–5,2,5,3.5,18.92,4.162,Zwei bis fünf Bewertungen aufgrund von Beschwerden wegen Diffamierung entfernt.,https://www.google.com/maps/place/Die+Kirschbohne+Kaffeer%C3%B6sterei+%2F+KRS-Service/data=!4m7!3m6!1s0x479f5792555d34d3:0xc24c5647926cf664!8m2!3d49.4236084!4d11.0680419!16s%2Fg%2F11qwxh60nr!19sChIJ0zRdVZJXn0cRZPZskkdWTMI?authuser=0&hl=de&rclk=1
406,Nordshop24,90408,"Bucher Str. 62, 90408 Nürnberg",4.8,13,2–5,2,5,3.5,21.21,3.994,Zwei bis fünf Bewertungen aufgrund von Beschwerden wegen Diffamierung entfernt.,https://www.google.com/maps/place/Nordshop24/data=!4m7!3m6!1s0x479f577290d438cf:0xa34cc0ad92a5c25b!8m2!3d49.4639906!4d11.0707475!16s%2Fg%2F11v5r94csz!19sChIJzzjUkHJXn0cRW8Klkq3ATKM?authuser=0&hl=de&rclk=1
407,NB Apartments,90402,"Färberstraße 2, 90402 Nürnberg",4.2,12,2–5,2,5,3.5,22.58,3.477,Zwei bis fünf Bewertungen aufgrund von Beschwerden wegen Diffamierung entfernt.,https://www.google.com/maps/place/NB+Apartments/data=!4m7!3m6!1s0x20d08655a01c53bd:0x5f7d8a711fa381e2!8m2!3d49.4513129!4d11.0732271!16s%2Fg%2F11ld0ndfks!19sChIJvVMcoFWG0CAR4oGjH3GKfV8?authuser=0&hl=de&rclk=1
408,Urban Design Suites Nürnberg,90459,"Bulmannstraße 26, 90459 Nürnberg",4.2,12,2–5,2,5,3.5,22.58,3.477,Zwei bis fünf Bewertungen aufgrund von Beschwerden wegen Diffamierung entfernt.,https://www.google.com/maps/place/Urban+Design+Suites+N%C3%BCrnberg/data=!4m10!3m9!1s0x479f573c9086b599:0x75ee88a9ac5a417!5m2!4m1!1i2!8m2!3d49.4404579!4d11.0834223!16s%2Fg%2F11x_qlngc8!19sChIJmbWGkDxXn0cRF6TFmoroXgc?authuser=0&hl=de&rclk=1
409,DialoG Steuerberatungsgesellschaft mbH,90482,"Laufamholzstraße 6, 90482 Nürnberg",5,11,2–5,2,5,3.5,24.14,4.034,Zwei bis fünf Bewertungen aufgrund von Beschwerden wegen Diffamierung entfernt.,https://www.google.com/maps/place/DialoG+Steuerberatungsgesellschaft+mbH/data=!4m7!3m6!1s0x479f582741cfb4a7:0x5ac9fa7a9edb94f!8m2!3d49.4611568!4d11.1325427!16s%2Fg%2F1ptwzy3jq!19sChIJp7TPQSdYn0cRT7ntqaefrAU?authuser=0&hl=de&rclk=1
410,NordShop24 Tiergärtnertor,90403,"Beim Tiergärtnertor 1, 90403 Nürnberg",4.7,3,2–5,2,5,3.5,53.85,2.708,Zwei bis fünf Bewertungen aufgrund von Beschwerden wegen Diffamierung entfernt.,https://www.google.com/maps/place/NordShop24+Tierg%C3%A4rtnertor/data=!4m7!3m6!1s0x479f57001e7d9ecf:0x1d35cde1349d5584!8m2!3d49.4572439!4d11.0744879!16s%2Fg%2F11wbn9pfdq!19sChIJz559HgBXn0cRhFWdNOHNNR0?authuser=0&hl=de&rclk=1
411,Joh. Gg. Zeltner e.Kfm.,90411,"Emmericher Str. 21, 90411 Nürnberg",5,2,2–5,2,5,3.5,63.64,2.455,Zwei bis fünf Bewertungen aufgrund von Beschwerden wegen Diffamierung entfernt.,https://www.google.com/maps/place/Joh.+Gg.+Zeltner+e.Kfm./data=!4m7!3m6!1s0x47a1fd61b71bf19b:0x1ddcc4870233933b!8m2!3d49.4869196!4d11.0998412!16s%2Fg%2F1tdd4875!19sChIJm_Ebt2H9oUcRO5MzAofE3B0?authuser=0&hl=de&rclk=1
412,La Commedia Pizzeria Restaurant,90461,"Holzstraße 4, 90461 Nürnberg",4.5,2655,1,1,1,1,0.04,4.499,Eine Bewertung aufgrund einer Beschwerde wegen Diffamierung entfernt.,https://www.google.com/maps/place/La+Commedia+Pizzeria+Restaurant/data=!4m7!3m6!1s0x479f57740dec11ed:0x66d86868e780e668!8m2!3d49.4403373!4d11.0910352!16s%2Fg%2F1vbl6l1w!19sChIJ7RHsDXRXn0cRaOaA52ho2GY?authuser=0&hl=de&rclk=1
413,Lebkuchen-Schmidt,90469,"Zollhausstraße 30, 90469 Nürnberg",4.5,2543,1,1,1,1,0.04,4.499,Eine Bewertung aufgrund einer Beschwerde wegen Diffamierung entfernt.,https://www.google.com/maps/place/Lebkuchen-Schmidt/data=!4m7!3m6!1s0x479f59f5f680ace3:0xe336529f2749b2d3!8m2!3d49.400945!4d11.1190966!16s%2Fg%2F12vrk_y7j!19sChIJ46yA9vVZn0cR07JJJ59SNuM?authuser=0&hl=de&rclk=1
414,Kerschers Imbiss GmbH,90431,"Ergersheimer Str. 2, 90431 Nürnberg",4.8,2288,1,1,1,1,0.04,4.798,Eine Bewertung aufgrund einer Beschwerde wegen Diffamierung entfernt.,https://www.google.com/maps/place/Kerschers+Imbiss+GmbH/data=!4m7!3m6!1s0x479f5681709dbfed:0x72ad1de314fb2238!8m2!3d49.4482116!4d11.0112657!16s%2Fg%2F1tgj7tr5!19sChIJ7b-dcIFWn0cROCL7FOMdrXI?authuser=0&hl=de&rclk=1
415,ARVENA PARK - Das Hotel am Franken-Center GmbH,90473,"Görlitzer Str. 51, 90473 Nürnberg",4.3,1603,1,1,1,1,0.06,4.298,Eine Bewertung aufgrund einer Beschwerde wegen Diffamierung entfernt.,https://www.google.com/maps/place/ARVENA+PARK+-+Das+Hotel+am+Franken-Center+GmbH/data=!4m10!3m9!1s0x479f5987e8d0849d:0xa6fc87743dbe441a!5m2!4m1!1i2!8m2!3d49.4002189!4d11.1376724!16s%2Fg%2F1tpc6zdr!19sChIJnYTQ6IdZn0cRGkS-PXSH_KY?authuser=0&hl=de&rclk=1
416,Auckland Coffee,90402,"Königstraße 2, 90402 Nürnberg",4.6,1060,1,1,1,1,0.09,4.597,Eine Bewertung aufgrund einer Beschwerde wegen Diffamierung entfernt.,https://www.google.com/maps/place/Auckland+Coffee/data=!4m7!3m6!1s0x479f57e9ffeb6bb9:0x8acad18fe1234cf6!8m2!3d49.4524244!4d11.077317!16s%2Fg%2F11rkfszv4k!19sChIJuWvr_-lXn0cR9kwj4Y_Ryoo?authuser=0&hl=de&rclk=1
417,Der SCHWAN - Restaurant & Hotel,90596,"Am Marktplatz 7, 90596 Schwanstetten",4.6,825,1,1,1,1,0.12,4.596,Eine Bewertung aufgrund einer Beschwerde wegen Diffamierung entfernt.,https://www.google.com/maps/place/Der+SCHWAN+-+Restaurant+%26+Hotel/data=!4m10!3m9!1s0x479f44e790daf113:0x1633ff9f1a8223a3!5m2!4m1!1i2!8m2!3d49.2971475!4d11.1211441!16s%2Fg%2F1tfc0_yz!19sChIJE_HakOdEn0cRoyOCGp__MxY?authuser=0&hl=de&rclk=1
418,Osteria BellaVista Mögeldorf,90482,"Schmausenbuckstraße 14, 90482 Nürnberg",4,725,1,1,1,1,0.14,3.996,Eine Bewertung aufgrund einer Beschwerde wegen Diffamierung entfernt.,https://www.google.com/maps/place/Osteria+BellaVista+M%C3%B6geldorf/data=!4m7!3m6!1s0x479f59329dd5c441:0xc40a0d353099bd7e!8m2!3d49.4595336!4d11.1313134!16s%2Fg%2F11jxsbl8l4!19sChIJQcTVnTJZn0cRfr2ZMDUNCsQ?authuser=0&hl=de&rclk=1
419,Krankenhaus Martha-Maria St. Theresien Standort St. Theresien,90491,"Mommsenstraße 24, 90491 Nürnberg",3.7,551,1,1,1,1,0.18,3.695,Eine Bewertung aufgrund einer Beschwerde wegen Diffamierung entfernt.,https://www.google.com/maps/place/Krankenhaus+Martha-Maria+St.+Theresien+Standort+St.+Theresien/data=!4m7!3m6!1s0x479f57ee41cdf395:0xbc3ba313eb03ecaa!8m2!3d49.4694442!4d11.1099825!16s%2Fg%2F12hpv63v5!19sChIJlfPNQe5Xn0cRquwD6xOjO7w?authuser=0&hl=de&rclk=1
420,Fishismuss,90459,"Pillenreuther Str. 65, 90459 Nürnberg",5,479,1,1,1,1,0.21,4.992,Eine Bewertung aufgrund einer Beschwerde wegen Diffamierung entfernt.,https://www.google.com/maps/place/Fishismuss+%7C+Fisch+D%C3%BCr%C3%BCm+%7C+Bowls+%7C+Burger+%7C+MATCHA+SPOT/data=!4m7!3m6!1s0x479f576c3073d90d:0x7e9a242cac0e2a2!8m2!3d49.438664!4d11.0824154!16s%2Fg%2F11w390fmx9!19sChIJDdlzMGxXn0cRouLAykKi6Qc?authuser=0&hl=de&rclk=1
421,El Bar,90419,"Sandrartstraße 42, 90419 Nürnberg",4.7,450,1,1,1,1,0.22,4.692,Eine Bewertung aufgrund einer Beschwerde wegen Diffamierung entfernt.,https://www.google.com/maps/place/El+Bar/data=!4m7!3m6!1s0x479f564cf8580d37:0xa6ad2638a2a1f1bd!8m2!3d49.460963!4d11.0633398!16s%2Fg%2F11b6d2tyzr!19sChIJNw1Y-ExWn0cRvfGhojgmraY?authuser=0&hl=de&rclk=1
422,Eis im Glück,90419,"Bucher Str. 45, 90419 Nürnberg",4.6,425,1,1,1,1,0.23,4.592,Eine Bewertung aufgrund einer Beschwerde wegen Diffamierung entfernt.,https://www.google.com/maps/place/Eis+im+Gl%C3%BCck/data=!4m7!3m6!1s0x479f57b387f1a227:0xb3dc0f360ce7d39e!8m2!3d49.4621403!4d11.0712912!16s%2Fg%2F1pp2tz2lc!19sChIJJ6Lxh7NXn0cRntPnDDYP3LM?authuser=0&hl=de&rclk=1
423,RegiNA 2.0 – Pizza Napoletana | Food Trucks & Catering für Events,90429,"Muggenhofer Str. 67, 90429 Nürnberg",5,209,1,1,1,1,0.48,4.981,Eine Bewertung aufgrund einer Beschwerde wegen Diffamierung entfernt.,https://www.google.com/maps/place/RegiNA+2.0+%E2%80%93+Pizza+Napoletana+%7C+Food+Trucks+%26+Catering+f%C3%BCr+Events/data=!4m7!3m6!1s0x479f570bacc1091d:0x3301df503a98c219!8m2!3d49.459095!4d11.0388032!16s%2Fg%2F11swvfstll!19sChIJHQnBrAtXn0cRGcKYOlDfATM?authuser=0&hl=de&rclk=1
424,Libbey - East African Soulfood,90402,"Willy-Brandt-Platz 4, 90402 Nürnberg",4.9,204,1,1,1,1,0.49,4.881,Eine Bewertung aufgrund einer Beschwerde wegen Diffamierung entfernt.,"https://www.google.com/maps/place/Libbey+-+East+African+Soulfood/@49.4484375,11.0857428,17z/data=!3m1!4b1!4m6!3m5!1s0x479f578ddd1a8237:0xf47b6107c708af09!8m2!3d49.4484375!4d11.0857428!16s%2Fg%2F11x965_265?entry=ttu&g_ep=EgoyMDI2MDUxMC4wIKXMDSoASAFQAw%3D%3D&hl=de"
425,Santos Friseur Haarverlängerung - Nürnberg,90459,"Siemensstraße 21, 90459 Nürnberg",4.9,198,1,1,1,1,0.5,4.88,Eine Bewertung aufgrund einer Beschwerde wegen Diffamierung entfernt.,https://www.google.com/maps/place/Santos+Friseur+Haarverl%C3%A4ngerung+-+N%C3%BCrnberg/data=!4m7!3m6!1s0x479f5712f29eb07b:0x1578cb738270ae46!8m2!3d49.434231!4d11.080574!16s%2Fg%2F1yh9ncm67!19sChIJe7Ce8hJXn0cRRq5wgnPLeBU?authuser=0&hl=de&rclk=1
426,SD Sportnahrung,90461,"Elsässer Str. 24, 90461 Nürnberg",5,167,1,1,1,1,0.6,4.976,Eine Bewertung aufgrund einer Beschwerde wegen Diffamierung entfernt.,https://www.google.com/maps/place/SD+Sportnahrung/data=!4m7!3m6!1s0x479f572f7566d25b:0x7ca65c1540d3d0eb!8m2!3d49.4299381!4d11.0838208!16s%2Fg%2F11hy8dvknj!19sChIJW9JmdS9Xn0cR69DTQBVcpnw?authuser=0&hl=de&rclk=1
427,Pizzeria La Bruschetta Nürnberg,90411,"Neuwieder Str. 2, 90411 Nürnberg",4.8,160,1,1,1,1,0.62,4.776,Eine Bewertung aufgrund einer Beschwerde wegen Diffamierung entfernt.,https://www.google.com/maps/place/Pizzeria+La+Bruschetta+N%C3%BCrnberg/data=!4m7!3m6!1s0x47a1fd674fba44db:0xf4a28afdcbe8037f!8m2!3d49.4903643!4d11.1044483!16s%2Fg%2F11cm0m81b7!19sChIJ20S6T2f9oUcRfwPoy_2KovQ?authuser=0&hl=de&rclk=1
428,Häkky Werkstatt Nürnberg Termine (nur per Telefon & Mail),90478,"Schweiggerstraße 29, 90478 Nürnberg",4.9,157,1,1,1,1,0.63,4.875,Eine Bewertung aufgrund einer Beschwerde wegen Diffamierung entfernt.,https://www.google.com/maps/place/H%C3%A4kky+Werkstatt+N%C3%BCrnberg+Termine+%28nur+per+Telefon+%26+Mail%29/data=!4m7!3m6!1s0x479f5775d2872f61:0x1fd1ffeba0d1482c!8m2!3d49.4423864!4d11.0923482!16s%2Fg%2F11cnc56cd2!19sChIJYS-H0nVXn0cRLEjRoOv_0R8?authuser=0&hl=de&rclk=1
429,Johanniter-Unfall-Hilfe e.V. - Ortsverband Nürnberg und Regionalgeschäftsstelle,90425,"Johanniterstraße 3, 90425 Nürnberg",4.7,151,1,1,1,1,0.66,4.676,Eine Bewertung aufgrund einer Beschwerde wegen Diffamierung entfernt.,https://www.google.com/maps/place/Johanniter-Unfall-Hilfe+e.V.+-+Ortsverband+N%C3%BCrnberg+und+Regionalgesch%C3%A4ftsstelle/data=!4m7!3m6!1s0x479f564aa8e61aa7:0x315f159fe1c1e093!8m2!3d49.4731428!4d11.0735028!16s%2Fg%2F1tf7r3ns!19sChIJpxrmqEpWn0cRk-DB4Z8VXzE?authuser=0&hl=de&rclk=1
430,Hairconcept by Tugba,90439,"Von-der-Tann-Straße 150, 90439 Nürnberg",4.7,142,1,1,1,1,0.7,4.674,Eine Bewertung aufgrund einer Beschwerde wegen Diffamierung entfernt.,https://www.google.com/maps/place/Hairconcept+by+Tugba/data=!4m7!3m6!1s0x479f57ff61530a45:0xd7fc489efaf034df!8m2!3d49.4398414!4d11.0357014!16s%2Fg%2F11jh6__522!19sChIJRQpTYf9Xn0cR3zTw-p5I_Nc?authuser=0&hl=de&rclk=1
431,Klinik am Birkenwald GmbH,90449,"Weiltinger Str. 11, 90449 Nürnberg",4.6,140,1,1,1,1,0.71,4.574,Eine Bewertung aufgrund einer Beschwerde wegen Diffamierung entfernt.,https://www.google.com/maps/place/Klinik+am+Birkenwald+GmbH/data=!4m7!3m6!1s0x479f56b884102cd7:0xb1bc4f0275b3f532!8m2!3d49.423588!4d11.0241746!16s%2Fg%2F1tjkdszn!19sChIJ1ywQhLhWn0cRMvWzdQJPvLE?authuser=0&hl=de&rclk=1
432,Jet Pizza Service Nürnberg,90419,"Wilhelm-Marx-Straße 56, 90419 Nürnberg",4.6,129,1,1,1,1,0.77,4.572,Eine Bewertung aufgrund einer Beschwerde wegen Diffamierung entfernt.,https://www.google.com/maps/place/Jet+Pizza+Service+N%C3%BCrnberg/data=!4m7!3m6!1s0x479f564f8db43521:0xe0d8b47b6cfb04cc!8m2!3d49.4603137!4d11.0533741!16s%2Fg%2F1thz0nx3!19sChIJITW0jU9Wn0cRzAT7bHu02OA?authuser=0&hl=de&rclk=1
433,Wahler Partyservice GmbH,90431,"Leyher Str. 101, 90431 Nürnberg",4.5,124,1,1,1,1,0.8,4.472,Eine Bewertung aufgrund einer Beschwerde wegen Diffamierung entfernt.,https://www.google.com/maps/place/Wahler+Partyservice+GmbH/data=!4m7!3m6!1s0x479f5662b60899c3:0x305a3e78cb565f60!8m2!3d49.4527605!4d11.0231424!16s%2Fg%2F1td08ygr!19sChIJw5kItmJWn0cRYF9Wy3g-WjA?authuser=0&hl=de&rclk=1
434,das Rastaforum,90443,"Gibitzenhofstraße 166, 90443 Nürnberg",4.8,105,1,1,1,1,0.94,4.764,Eine Bewertung aufgrund einer Beschwerde wegen Diffamierung entfernt.,https://www.google.com/maps/place/das+Rastaforum/data=!4m7!3m6!1s0x479f5719b1aa77e7:0x2192bf33e93b66bf!8m2!3d49.4298184!4d11.0655387!16s%2Fg%2F1tyt4bpf!19sChIJ53eqsRlXn0cRv2Y76TO_kiE?authuser=0&hl=de&rclk=1
435,WingTsun EWTO Kampfkunst Akademie,90441,"Löffelholzstraße 20, 90441 Nürnberg",5,104,1,1,1,1,0.95,4.962,Eine Bewertung aufgrund einer Beschwerde wegen Diffamierung entfernt.,https://www.google.com/maps/place/WingTsun+EWTO+Kampfkunst+Akademie/data=!4m7!3m6!1s0x479f573d2e1c822b:0xffd6f60fcaa8e04e!8m2!3d49.4247804!4d11.0660776!16s%2Fg%2F1tj90jpz!19sChIJK4IcLj1Xn0cRTuCoyg_21v8?authuser=0&hl=de&rclk=1
436,Hautlounge Kosmetikstudio Nürnberg,90491,"Äußere Sulzbacher Str. 36, 90491 Nürnberg",5,98,1,1,1,1,1.01,4.96,Eine Bewertung aufgrund einer Beschwerde wegen Diffamierung entfernt.,https://www.google.com/maps/place/Hautlounge+Kosmetikstudio+N%C3%BCrnberg/data=!4m7!3m6!1s0x479f5792798b2685:0xd9ccf008f96509f7!8m2!3d49.460816!4d11.1069267!16s%2Fg%2F11b6z_k_zt!19sChIJhSaLeZJXn0cR9wll-QjwzNk?authuser=0&hl=de&rclk=1
437,Kunst und Leben - Friseure,90403,"Bindergasse 16, 90403 Nürnberg",5,88,1,1,1,1,1.12,4.955,Eine Bewertung aufgrund einer Beschwerde wegen Diffamierung entfernt.,https://www.google.com/maps/place/Kunst+und+Leben+-+Friseure/data=!4m7!3m6!1s0x479f57a54747c10d:0xae868cfee394fd17!8m2!3d49.4553683!4d11.0795605!16s%2Fg%2F11c1v3syfx!19sChIJDcFHR6VXn0cRF_2U4_6Mhq4?authuser=0&hl=de&rclk=1
438,Osteria Regina 2.0,90429,"Muggenhofer Str. 67, 90429 Nürnberg",4.9,88,1,1,1,1,1.12,4.856,Eine Bewertung aufgrund einer Beschwerde wegen Diffamierung entfernt.,https://www.google.com/maps/place/Osteria+Regina+2.0/data=!4m7!3m6!1s0x479f5778c847afd3:0xffe82d270e4438d4!8m2!3d49.459095!4d11.0388032!16s%2Fg%2F11xzk2z2rk!19sChIJ069HyHhXn0cR1DhEDict6P8?authuser=0&hl=de&rclk=1
439,Gino’s Haarverlängerungsstudio Nürnberg ❗️ Deutschlands Nr.1 in Haarverlängerungen ❗️,90409,"Löbleinstraße 1, 90409 Nürnberg",4.9,87,1,1,1,1,1.14,4.856,Eine Bewertung aufgrund einer Beschwerde wegen Diffamierung entfernt.,https://www.google.com/maps/place/Gino%E2%80%99s+Haarverl%C3%A4ngerungsstudio+N%C3%BCrnberg+%E2%9D%97%EF%B8%8F+Deutschlands+Nr.1+in+Haarverl%C3%A4ngerungen+%E2%9D%97%EF%B8%8F/data=!4m7!3m6!1s0x479f574462f0fe19:0xe2ebd9baa5768909!8m2!3d49.4616947!4d11.084156!16s%2Fg%2F1tdy3gnf!19sChIJGf7wYkRXn0cRCYl2pbrZ6-I?authuser=0&hl=de&rclk=1
440,Pintxos bodega y café,90403,"Köpfleinsberg 2, 90403 Nürnberg",4.8,82,1,1,1,1,1.2,4.754,Eine Bewertung aufgrund einer Beschwerde wegen Diffamierung entfernt.,https://www.google.com/maps/place/Pintxos+bodega+y+caf%C3%A9/data=!4m7!3m6!1s0x479f57109d384443:0x3040c5cfaa45ef4b!8m2!3d49.4519717!4d11.0757308!16s%2Fg%2F11h8233pst!19sChIJQ0Q4nRBXn0cRS-9Fqs_FQDA?authuser=0&hl=de&rclk=1
441,Ästhetik Room Maria Sayb -Massagen & Beauty. Fachfußpflege,90489,"Sulzbacher Str. 103, 90489 Nürnberg",5,62,1,1,1,1,1.59,4.937,Eine Bewertung aufgrund einer Beschwerde wegen Diffamierung entfernt.,https://www.google.com/maps/place/%C3%84sthetik+Room+Maria+Sayb+-Massagen+%26+Beauty.+Fachfu%C3%9Fpflege/data=!4m7!3m6!1s0x479f578474b42f3f:0xa79d300e07e3539a!8m2!3d49.4599644!4d11.1017675!16s%2Fg%2F11jsv9gm25!19sChIJPy-0dIRXn0cRmlPjBw4wnac?authuser=0&hl=de&rclk=1
442,"Lebe Gesund: Bäckerei & vegane Bio-Lebensmittel in Nürnberg, frisches Gemüse – Biomarkt & Bioladen Nürnberg mit Lieferservice",90403,"Josephspl. 11, 90403 Nürnberg",4.5,58,1,1,1,1,1.69,4.441,Eine Bewertung aufgrund einer Beschwerde wegen Diffamierung entfernt.,"https://www.google.com/maps/place/Lebe+Gesund:+B%C3%A4ckerei+%26+vegane+Bio-Lebensmittel+in+N%C3%BCrnberg,+frisches+Gem%C3%BCse+%E2%80%93+Biomarkt+%26+Bioladen+N%C3%BCrnberg+mit+Lieferservice/data=!4m7!3m6!1s0x479f57a92a2439f7:0x8f814c39dfcecc82!8m2!3d49.4513074!4d11.0730764!16s%2Fg%2F1v6p7vws!19sChIJ9zkkKqlXn0cRgszO3zlMgY8?authuser=0&hl=de&rclk=1"
443,𝙋𝘼𝙏𝙄𝙊,90402,"Jakobstraße 34, 90402 Nürnberg",4.6,58,1,1,1,1,1.69,4.539,Eine Bewertung aufgrund einer Beschwerde wegen Diffamierung entfernt.,https://www.google.com/maps/place/%F0%9D%99%8B%F0%9D%98%BC%F0%9D%99%8F%F0%9D%99%84%F0%9D%99%8A/data=!4m7!3m6!1s0x479f57007354ad05:0x58db8bc4ea14f9f9!8m2!3d49.4490755!4d11.0720698!16s%2Fg%2F11z1ftq8xx!19sChIJBa1UcwBXn0cR-fkU6sSL21g?authuser=0&hl=de&rclk=1
444,Königs Apotheke Wolfgang Schleier e.K.,90537,"Schwabacher Str. 34, 90537 Feucht",4.6,55,1,1,1,1,1.79,4.536,Eine Bewertung aufgrund einer Beschwerde wegen Diffamierung entfernt.,https://www.google.com/maps/place/K%C3%B6nigs+Apotheke+Wolfgang+Schleier+e.K./data=!4m7!3m6!1s0x479f5c6d2f062133:0x6c98f755869c00cc!8m2!3d49.3710952!4d11.2092552!16s%2Fg%2F1tp1xtmr!19sChIJMyEGL21cn0cRzACchlX3mGw?authuser=0&hl=de&rclk=1
445,Botox & Lippen Nürnberg - Eduard Steiner - Praxis für Ästhetik,90449,"Feuchtwanger Str. 25b, 90449 Nürnberg",5,51,1,1,1,1,1.92,4.923,Eine Bewertung aufgrund einer Beschwerde wegen Diffamierung entfernt.,https://www.google.com/maps/place/Botox+%26+Lippen+N%C3%BCrnberg+-+Eduard+Steiner+-+Praxis+f%C3%BCr+%C3%84sthetik/data=!4m7!3m6!1s0x479f56c7a4dc5e23:0xf0a0d08caf3de5a6!8m2!3d49.4222875!4d11.0266999!16s%2Fg%2F11b7ybntv0!19sChIJI17cpMdWn0cRpuU9r4zQoPA?authuser=0&hl=de&rclk=1
446,Die Kirschbohne Stehkaffee,90441,"Löffelholzstraße 21, 90441 Nürnberg",4.9,51,1,1,1,1,1.92,4.825,Eine Bewertung aufgrund einer Beschwerde wegen Diffamierung entfernt.,https://www.google.com/maps/place/Die+Kirschbohne+Stehkaffee/data=!4m7!3m6!1s0x479f577c4d8f933f:0x158c363e7f6094e5!8m2!3d49.4256889!4d11.0676235!16s%2Fg%2F11mvpmqzcl!19sChIJP5OPTXxXn0cR5ZRgfz42jBU?authuser=0&hl=de&rclk=1
447,Elvine Eipert-Lambert & Marcus Lambert,90449,"Wörnitzstraße 91A, 90449 Nürnberg",4.7,48,1,1,1,1,2.04,4.624,Eine Bewertung aufgrund einer Beschwerde wegen Diffamierung entfernt.,https://www.google.com/maps/place/Elvine+Eipert-Lambert+%26+Marcus+Lambert/data=!4m7!3m6!1s0x479f56bbc88b7c97:0x8ee020089bee6374!8m2!3d49.4242943!4d11.0169093!16s%2Fg%2F1tk6txrj!19sChIJl3yLyLtWn0cRdGPumwgg4I4?authuser=0&hl=de&rclk=1
448,HNO-Praxis Dr. Ines Weinzierl I Privatpraxis,90482,"Laufamholzstraße 57, 90482 Nürnberg",4.7,48,1,1,1,1,2.04,4.624,Eine Bewertung aufgrund einer Beschwerde wegen Diffamierung entfernt.,https://www.google.com/maps/place/HNO-Praxis+Dr.+Ines+Weinzierl+I+Privatpraxis/data=!4m7!3m6!1s0x479f5817c9fdf0f9:0x1cbb5261e11cc9fa!8m2!3d49.4621963!4d11.1379022!16s%2Fg%2F11clljhlsd!19sChIJ-fD9yRdYn0cR-skc4WFSuxw?authuser=0&hl=de&rclk=1
449,Restaurant Nisi,90427,"Hasengasse 9, 90427 Nürnberg",4.4,48,1,1,1,1,2.04,4.331,Eine Bewertung aufgrund einer Beschwerde wegen Diffamierung entfernt.,https://www.google.com/maps/place/Restaurant+Nisi/data=!4m7!3m6!1s0x47a1ff588359e437:0x84971f71c254ba19!8m2!3d49.5168345!4d11.0218366!16s%2Fg%2F11xw7dzzky!19sChIJN-RZg1j_oUcRGbpUwnEfl4Q?authuser=0&hl=de&rclk=1
450,Tantra Massage Om Nürnberg,90491,"Äußere Sulzbacher Str. 88, 90491 Nürnberg",4.7,45,1,1,1,1,2.17,4.62,Eine Bewertung aufgrund einer Beschwerde wegen Diffamierung entfernt.,https://www.google.com/maps/place/Tantra+Massage+Om+N%C3%BCrnberg/data=!4m7!3m6!1s0x479f5717caeffa45:0x52543a35f63da91e!8m2!3d49.4624813!4d11.1148982!16s%2Fg%2F11shjv5zhv!19sChIJRfrvyhdXn0cRHqk99jU6VFI?authuser=0&hl=de&rclk=1
451,hairfree Lounge Nürnberg - Haarentfernung mit reinem Licht,90402,"Dr.-Kurt-Schumacher-Straße 19, 90402 Nürnberg",5,42,1,1,1,1,2.33,4.907,Eine Bewertung aufgrund einer Beschwerde wegen Diffamierung entfernt.,https://www.google.com/maps/place/hairfree+Lounge+N%C3%BCrnberg+-+Haarentfernung+mit+reinem+Licht/data=!4m7!3m6!1s0x479f5722eca6acf7:0xb78963166e64e7dd!8m2!3d49.4494925!4d11.0714723!16s%2Fg%2F11l6yh1084!19sChIJ96ym7CJXn0cR3edkbhZjibc?authuser=0&hl=de&rclk=1
452,Dr. med Katrin Jaeger,90408,"Pilotystraße 61, 90408 Nürnberg",4.8,35,1,1,1,1,2.78,4.694,Eine Bewertung aufgrund einer Beschwerde wegen Diffamierung entfernt.,https://www.google.com/maps/place/Dr.+med+Katrin+Jaeger/data=!4m7!3m6!1s0x479f57b5ca81c0a5:0x8d8e068e22a79d0a!8m2!3d49.4647716!4d11.0731772!16s%2Fg%2F1tfrfrx4!19sChIJpcCByrVXn0cRCp2nIo4Gjo0?authuser=0&hl=de&rclk=1
453,HAAR GENAU BEI E.PUNKO,90408,"Uhlandstraße 18, 90408 Nürnberg",4.8,35,1,1,1,1,2.78,4.694,Eine Bewertung aufgrund einer Beschwerde wegen Diffamierung entfernt.,https://www.google.com/maps/place/HAAR+GENAU+BEI+E.PUNKO/data=!4m7!3m6!1s0x479f57b6ea3c3685:0x2a15480f2bc63cf8!8m2!3d49.4631832!4d11.0762459!16s%2Fg%2F11c6sr8zkq!19sChIJhTY86rZXn0cR-DzGKw9IFSo?authuser=0&hl=de&rclk=1
454,Flow Fusion - Pole-Aerial-Dance Studio,90441,"Platenstraße 64, 90441 Nürnberg",5,30,1,1,1,1,3.23,4.871,Eine Bewertung aufgrund einer Beschwerde wegen Diffamierung entfernt.,https://www.google.com/maps/place/Flow+Fusion+-+Pole-Aerial-Dance+Studio/data=!4m7!3m6!1s0x6fb43afe56587749:0xd810918301586361!8m2!3d49.42404!4d11.0684657!16s%2Fg%2F11txdnrd1m!19sChIJSXdYVv46tG8RYWNYAYORENg?authuser=0&hl=de&rclk=1
455,HAN | Car Lounge,90431,"Lenkersheimer Str. 19, 90431 Nürnberg",4.8,28,1,1,1,1,3.45,4.669,Eine Bewertung aufgrund einer Beschwerde wegen Diffamierung entfernt.,"https://www.google.com/maps/place/HAN+%7C+Car+Lounge/@49.4483837,11.0165684,17z/data=!3m1!4b1!4m6!3m5!1s0x479f57a8b2a8a8bd:0xc3c647e65f0ce442!8m2!3d49.4483837!4d11.0165684!16s%2Fg%2F11vk_qgfz8?entry=ttu&g_ep=EgoyMDI2MDUxMC4wIKXMDSoASAFQAw%3D%3D&hl=de"
456,Altbayerischer Lohnsteuerhilfeverein e.V. - Nürnberg Gartenstadt,90469,"Heckenweg 26, 90469 Nürnberg",4.8,27,1,1,1,1,3.57,4.664,Eine Bewertung aufgrund einer Beschwerde wegen Diffamierung entfernt.,https://www.google.com/maps/place/Altbayerischer+Lohnsteuerhilfeverein+e.V.+-+N%C3%BCrnberg+Gartenstadt/data=!4m7!3m6!1s0x479f57482e18e55d:0xb630922f0615dc78!8m2!3d49.4133204!4d11.0757106!16s%2Fg%2F1yfh_jr0d!19sChIJXeUYLkhXn0cReNwVBi-SMLY?authuser=0&hl=de&rclk=1
457,The Culinary Collective,90419,"Sankt-Johannis-Mühlgasse 2C, 90419 Nürnberg",5,18,1,1,1,1,5.26,4.789,Eine Bewertung aufgrund einer Beschwerde wegen Diffamierung entfernt.,https://www.google.com/maps/place/The+Culinary+Collective/data=!4m7!3m6!1s0x479f5753de181425:0xdab2e61eca007ab9!8m2!3d49.4575519!4d11.0678255!16s%2Fg%2F11vkgcnfpf!19sChIJJRQY3lNXn0cRuXoAyh7msto?authuser=0&hl=de&rclk=1
458,Sanitätshaus Fuß-Fit-Forum Nürnberg-Weißer Turm,90402,"Dr.-Kurt-Schumacher-Straße 25, 90402 Nürnberg",4.8,17,1,1,1,1,5.56,4.589,Eine Bewertung aufgrund einer Beschwerde wegen Diffamierung entfernt.,https://www.google.com/maps/place/Sanit%C3%A4tshaus+Fu%C3%9F-Fit-Forum+N%C3%BCrnberg-Wei%C3%9Fer+Turm/data=!4m7!3m6!1s0x479f5776712c16fd:0x6454bb8af52ff664!8m2!3d49.4497119!4d11.0708558!16s%2Fg%2F11l1ybyprd!19sChIJ_RYscXZXn0cRZPYv9Yq7VGQ?authuser=0&hl=de&rclk=1
459,verbaneum GmbH,90425,"Forchheimer Str. 8, 90425 Nürnberg",4.7,14,1,1,1,1,6.67,4.453,Eine Bewertung aufgrund einer Beschwerde wegen Diffamierung entfernt.,https://www.google.com/maps/place/verbaneum+GmbH/data=!4m7!3m6!1s0x479f57a4c13bb74f:0x56a1dc0abf965d6!8m2!3d49.4737559!4d11.0627502!16s%2Fg%2F11kmbwqgwr!19sChIJT7c7waRXn0cR1mX5q8AdagU?authuser=0&hl=de&rclk=1
460,Junggesellenabschied & JGA Nürnberg mit Mister Neo,90441,"An d. Marterlach 34, 90441 Nürnberg",4.9,7,1,1,1,1,12.5,4.413,Eine Bewertung aufgrund einer Beschwerde wegen Diffamierung entfernt.,https://www.google.com/maps/place/Junggesellenabschied+%26+JGA+N%C3%BCrnberg+mit+Mister+Neo/data=!4m7!3m6!1s0x479f5725c4a64f0f:0x940f5b8529508a94!8m2!3d49.418866!4d11.0576566!16s%2Fg%2F11gd39lczk!19sChIJD0-mxCVXn0cRlIpQKYVbD5Q?authuser=0&hl=de&rclk=1
